language,dsp,bench_case,mode,precision,opt,samp_rate,buff_size,inputs,outputs,warmup_iters,run_iters,batches,elapsed_s,ns_per_compute,fast_ns_per_compute,slow_ns_per_compute,spread_ns_per_compute,spread_percent,ns_per_frame,ns_per_out_samp,frames_per_s,fast_frames_per_s,slow_frames_per_s,out_samp_per_s,fast_out_samp_per_s,slow_out_samp_per_s,checksum
cpp,APF,run,scalar,double,O3,48000,64,1,1,50,510000,515,0.0997877939999999,195.6623411764706,195.2333,196.6917,1.4583999999999833,0.7453657107601672,3.057224080882353,3.057224080882353,327094113.33414185,327812929.4541454,325382311.50577277,327094113.33414185,327812929.4541454,325382311.50577277,2.0800000010058284
cpp,APF,run,vec,double,O3,48000,64,1,1,50,400000,407,0.099425249,248.5631225,248.075,249.2292,1.154200000000003,0.4643488496568927,3.8837987890625,3.8837987890625,257479868.1168,257986496.019349,256791740.29367343,257479868.1168,257986496.019349,256791740.29367343,2.0800000010058284
mojo,APF,run,scalar,double,O3,48000,64,1,1,50,630000,630,0.1007050000007439,159.8492063503871,159.40000012051314,160.899999900721,1.4999997802078724,0.9383842525435472,2.4976438492247985,2.4976438492247985,400377339.7517716,401505645.8695941,397762585.7022341,400377339.7517716,401505645.8695941,397762585.7022341,2.0800000010058284
mojo,APF,run,vec,double,O3,48000,64,1,1,50,450000,453,0.1002699999989999,222.82222221999996,222.2999999503372,224.70000003522728,2.4000000848900527,1.077091890108003,3.4815972221874993,3.4815972221874993,287224493.8694248,287899235.33197427,284824210.0132017,287224493.8694248,287899235.33197427,284824210.0132017,2.0800000010058284
cpp,HPF,run,scalar,double,O3,48000,64,1,1,50,560000,563,0.1002735809999999,179.05996607142856,178.4083,181.8542,3.445899999999994,1.924439100265101,2.7978119698660713,2.7978119698660713,357422160.8780483,358727704.9330104,351930282.6110148,357422160.8780483,358727704.9330104,351930282.6110148,3.477907739579677e-09
cpp,HPF,run,vec,double,O3,48000,64,1,1,50,430000,439,0.0989111689999999,230.02597441860465,229.3708,232.5375,3.1666999999999916,1.3766706164396827,3.5941558502906976,3.5941558502906976,278229448.4862473,279024182.67713237,275224426.1678224,278229448.4862473,279024182.67713237,275224426.1678224,3.477907739579677e-09
mojo,HPF,run,scalar,double,O3,48000,64,1,1,50,690000,697,0.0998989999970945,144.78115941607905,144.39999977184925,146.40000008512288,2.000000313273631,1.381395425578776,2.262205615876235,2.262205615876235,442046466.94445753,443213297.09916514,437158469.6911735,442046466.94445753,443213297.09916514,437158469.6911735,3.477907739579677e-09
mojo,HPF,run,vec,double,O3,48000,64,1,1,50,410000,416,0.0940300000038405,229.34146342400135,228.70000029797663,230.89999995136168,2.199999653385021,0.9592681674476414,3.583460366000021,3.583460366000021,279059874.49673784,279842588.1793329,277176266.84054303,279059874.49673784,279842588.1793329,277176266.84054303,3.477907739579677e-09
cpp,LPF,run,scalar,double,O3,48000,64,1,1,50,560000,563,0.1003230409999999,179.1482875,178.6209,180.8166,2.195699999999988,1.2256327038571262,2.7991919921875,2.7991919921875,357245949.11352426,358300736.3639977,353949803.2813359,357245949.11352426,358300736.3639977,353949803.2813359,2.08000000519678
cpp,LPF,run,vec,double,O3,48000,64,1,1,50,440000,442,0.10053704,228.4932727272727,227.8833,231.1125,3.22920000000002,1.4132582379588745,3.5702073863636365,3.5702073863636365,280095773.65715164,280845502.9394431,276921412.7318946,280095773.65715164,280845502.9394431,276921412.7318946,2.08000000519678
mojo,LPF,run,scalar,double,O3,48000,64,1,1,50,690000,695,0.0998970000000554,144.77826086964555,144.30000010179356,146.89999989059288,2.599999788799323,1.7958495793372549,2.2621603260882117,2.2621603260882117,442055316.9762406,443520443.20757085,435670524.49057496,442055316.9762406,443520443.20757085,435670524.49057496,2.08000000519678
mojo,LPF,run,vec,double,O3,48000,64,1,1,50,430000,431,0.0991209999992861,230.51395348671204,228.79999996803235,233.50000010395888,4.70000013592653,2.038922184464404,3.6017805232298756,3.6017805232298756,277640459.64223725,279720279.75936186,274089935.638141,277640459.64223725,279720279.75936186,274089935.638141,2.08000000519678
cpp,apf,run,scalar,double,O3,48000,64,1,1,50,560000,562,0.1004336669999999,179.34583392857144,178.8,181.1167,2.3166999999999973,1.2917501060675187,2.8022786551339287,2.8022786551339287,356852448.6913338,357941834.45190156,353363328.726727,356852448.6913338,357941834.45190156,353363328.726727,2.0800000010058284
cpp,apf,run,vec,double,O3,48000,64,1,1,50,440000,443,0.1003662479999999,228.10510909090908,227.1875,231.1416,3.954100000000011,1.733455254798411,3.5641423295454544,3.5641423295454544,280572409.1628892,281705639.6148556,276886549.19754815,280572409.1628892,281705639.6148556,276886549.19754815,2.0800000010058284
mojo,apf,run,scalar,double,O3,48000,64,1,1,50,680000,686,0.0997069999975792,146.62794117291065,146.09999998356216,148.9999998739222,2.89999989036005,1.9777948644455372,2.291061580826729,2.291061580826729,436478883.1381608,438056125.9904223,429530201.705733,436478883.1381608,438056125.9904223,429530201.705733,2.0800000010058284
mojo,apf,run,vec,double,O3,48000,64,1,1,50,490000,494,0.10019199999806,204.47346938379607,203.59999980428256,207.8000001347391,4.2000003304565325,2.0540563737259943,3.1948979591218136,3.1948979591218136,312999041.8457282,314341847.06052154,307988450.2334067,312999041.8457282,314341847.06052154,307988450.2334067,2.0800000010058284
cpp,bandfilter,run,scalar,double,O3,48000,64,1,1,50,510000,513,0.100294834,196.65653725490196,195.1458,198.0542,2.9084000000000003,1.4789236303038302,3.072758394607843,3.072758394607843,325440490.78340364,327959915.099377,323143866.6789192,325440490.78340364,327959915.099377,323143866.6789192,2.0800000071758404
cpp,bandfilter,run,vec,double,O3,48000,64,1,1,50,440000,444,0.099895668,227.03560909090908,225.675,229.3959,3.7209,1.6389059033070383,3.5474313920454543,3.5474313920454543,281894105.7584199,283593663.4540822,278993652.458479,281894105.7584199,283593663.4540822,278993652.458479,2.0800000071758404
mojo,bandfilter,run,scalar,double,O3,48000,64,1,1,50,630000,631,0.1009070000000065,160.16984126985164,158.60000021348242,161.7999998416053,3.199999628122896,1.9978790031586449,2.502653769841432,2.502653769841432,399575847.0670755,403530894.7910041,395550062.1919223,399575847.0670755,403530894.7910041,395550062.1919223,2.0800000071758404
mojo,bandfilter,run,vec,double,O3,48000,64,1,1,50,450000,458,0.0985809999983757,219.06888888527945,216.1000000342028,221.40000000945292,5.299999975250103,2.419330285655291,3.422951388832491,3.422951388832491,292145545.2924449,296159185.51536566,289069557.34989816,292145545.2924449,296159185.51536566,289069557.34989816,2.0800000071758404
cpp,bargraph,run,scalar,double,O3,48000,64,0,10,50,1000000,1000,0.0227911239999999,22.791124,22.65,24.0125,1.3625000000000007,5.97820449750526,0.3561113125,0.0356111312499999,2808110736.4428363,2825607064.01766,2665278500.7808433,28081107364.428364,28256070640.1766,26652785007.808434,13120.0
cpp,bargraph,run,vec,double,O3,48000,64,0,10,50,500000,505,0.099963252,199.926504,199.06250000000003,210.8625,11.799999999999985,5.902168929038035,3.123851625,0.3123851624999999,320117636.8291819,321507064.36420715,303515323.9670401,3201176368.2918196,3215070643.6420717,3035153239.670401,13120.0
mojo,bargraph,run,scalar,double,O3,48000,64,0,10,50,1000000,1000,0.0989649999974062,98.96499999740624,97.90000003704336,100.7999999274034,2.89999989036005,2.930328793448245,1.5463281249594725,0.1546328124959472,646693275.417343,653728293.930375,634920635.3779075,6466932754.17343,6537282939.30375,6349206353.779076,13120.0
mojo,bargraph,run,vec,double,O3,48000,64,0,10,50,1000000,1000,0.0285519999997632,28.551999999763215,28.399999791872688,29.50000016426202,1.1000003723893317,3.852621085732887,0.4461249999963002,0.04461249999963,2241524236.4993963,2253521143.275327,2169491513.343558,22415242364.993965,22535211432.753273,21694915133.435577,13120.0
cpp,bells,run,scalar,double,O3,48000,64,0,1,50,143050,1000,1.474383331,10306.769178608878,10287.112695179903,10354.362454873646,67.249759693741,0.6524814762837039,161.04326841576372,161.04326841576372,6209511.330944369,6221376.385814032,6180969.642401898,6209511.330944369,6221376.385814032,6180969.642401898,0.0
cpp,bells,run,vec,double,O3,48000,64,0,1,50,135550,1000,1.65752687,12228.158391737366,12180.596041055716,12270.667150108777,90.07110905305852,0.7365876869400063,191.06497487089635,191.06497487089635,5233821.639343922,5254258.476702015,5215690.330206102,5233821.639343922,5254258.476702015,5215690.330206102,0.0
mojo,bells,run,scalar,double,O3,48000,64,0,1,50,137550,1000,1.5936599999986356,11586.041439466631,11513.28069028864,11637.638374773023,124.35768448438466,1.0733405808542449,181.03189749166617,181.03189749166617,5523888.4078207,5558797.854549268,5499397.55292046,5523888.4078207,5558797.854549268,5499397.55292046,0.0
cpp,carre_volterra,run,scalar,double,O3,48000,64,0,1,50,310000,317,0.0989369989999999,319.15160967741934,314.1125,320.6625,6.550000000000011,2.052316141103091,4.986743901209677,4.986743901209677,200531653.48182836,203748656.93023995,199586792.9676841,200531653.48182836,203748656.93023995,199586792.9676841,-16.646956744421914
cpp,carre_volterra,run,vec,double,O3,48000,64,0,1,50,179132,197,0.0972997089999999,543.1732409619722,537.4182299947006,547.1578947368421,9.739664742141484,1.7931046685754102,8.487081890030815,8.487081890030815,117826128.33919165,119087884.3105696,116968064.64024626,117826128.33919165,119087884.3105696,116968064.64024626,14.246299757622182
mojo,carre_volterra,run,scalar,double,O3,48000,64,0,1,50,189090,202,0.1027319999993778,543.2968427699925,534.9920593722748,546.5976328972612,11.605573524986426,2.1361385915323097,8.489013168281133,8.489013168281133,117799322.50976604,119627943.77750856,117087956.74940194,117799322.50976604,119627943.77750856,117087956.74940194,9.618444794323295
mojo,carre_volterra,run,vec,double,O3,48000,64,0,1,50,135678,203,0.1004089999987627,740.0536564421848,737.6347260688751,743.1057365682957,5.471010499420572,0.7392721394989803,11.563338381909135,11.563338381909135,86480215.9179655,86763811.05466573,86125024.8121561,86480215.9179655,86763811.05466573,86125024.8121561,-17.49070629198104
cpp,comb_delay1,run,scalar,double,O3,48000,64,0,1,50,360000,367,0.09866817,274.07825,267.3458,277.2458,9.899999999999975,3.612107126340736,4.28247265625,4.28247265625,233509955.64222983,239390332.670272,230842090.30398297,233509955.64222983,239390332.670272,230842090.30398297,19.265490096062425
cpp,comb_delay1,run,vec,double,O3,48000,64,0,1,50,370000,375,0.100017835,270.318472972973,267.4333,271.6541,4.220800000000054,1.5614175211851165,4.223726140202703,4.223726140202703,236757774.2509623,239312007.8913135,235593720.10214457,236757774.2509623,239312007.8913135,235593720.10214457,13.557637015357614
mojo,comb_delay1,run,scalar,double,O3,48000,64,0,1,50,280000,287,0.0983999999989464,351.4285714248087,349.1999999823747,357.7999999833992,8.600000001024455,2.4471544718624285,5.491071428512636,5.491071428512636,182113821.14016125,183276059.5739699,178870877.59354222,182113821.14016125,183276059.5739699,178870877.59354222,-32.65051428647712
cpp,comb_delay2,run,scalar,double,O3,48000,64,0,1,50,570000,577,0.0996184209999999,174.7691596491228,174.3417,176.9958,2.6540999999999997,1.5186317799596525,2.7307681195175437,2.7307681195175437,366197332.11792225,367095192.945807,361590501.01753825,366197332.11792225,367095192.945807,361590501.01753825,18.320416945964094
cpp,comb_delay2,run,vec,double,O3,48000,64,0,1,50,370000,379,0.0983054179999999,265.69031891891893,264.8375,267.1167,2.279200000000003,0.8578408160575655,4.151411233108108,4.151411233108108,240881942.03090623,241657620.2388257,239595652.38714015,240881942.03090623,241657620.2388257,239595652.38714015,18.320416945964094
mojo,comb_delay2,run,scalar,double,O3,48000,64,0,1,50,570000,579,0.099383000000671,174.3561403520544,172.8999999613734,177.09999992803205,4.199999966658652,2.408862663613765,2.72431469300085,2.72431469300085,367064789.75029624,370156159.7125383,361377752.8289532,367064789.75029624,370156159.7125383,361377752.8289532,13.447375828400254
mojo,comb_delay2,run,vec,double,O3,48000,64,0,1,50,270000,279,0.0969909999985247,359.22592592046215,334.1999999975087,371.0999997565523,36.89999975904357,10.272087033944697,5.612905092507221,5.612905092507221,178160860.28871572,191502094.55558673,172460253.41413382,178160860.28871572,191502094.55558673,172460253.41413382,13.447375828400254
cpp,cubic_distortion,run,scalar,double,O3,48000,64,0,2,50,140950,1000,1.5425921199999997,10944.25058531394,10695.727797833935,11036.74426685198,341.0164690180445,3.1159417116751107,171.00391539553033,85.50195769776516,5847819.318563615,5983697.529490333,5798811.538310181,11695638.63712723,11967395.058980666,11597623.076620365,0.4328617546707391
cpp,cubic_distortion,run,vec,double,O3,48000,64,0,2,50,128216,811,0.7700744939999997,6006.071738316591,5888.836466165413,6032.979704797048,144.14323863163463,2.399958657037882,93.84487091119672,46.92243545559837,10655883.377433356,10868021.275122004,10608356.588554608,21311766.75486671,21736042.55024401,21216713.177109215,-6.611492269221344
mojo,cubic_distortion,run,scalar,double,O3,48000,64,0,2,50,140950,1000,1.5108440000003611,10719.00673998128,10471.57894630034,10806.794055111895,335.2151088115552,3.1272963712320663,167.4844803122075,83.74224015610375,5970702.468287821,6111781.26318873,5922200.3929765215,11941404.936575642,12223562.52637746,11844400.785953045,0.4328617546707392
mojo,cubic_distortion,run,vec,double,O3,48000,64,0,2,50,135550,1000,1.6590899999973772,12239.690151216357,11954.415954032214,12381.511373076077,427.0954190438606,3.4894299918320786,191.24515861275555,95.6225793063778,5228890.536386643,5353670.162230958,5168997.392286833,10457781.072773283,10707340.324461916,10337994.784573669,6.56998868775554
cpp,cubic_mini_01,run,scalar,double,O3,48000,64,1,2,50,1000000,1000,0.0102783749999999,10.278375,10.2375,11.4292,1.191699999999999,11.59424519926544,0.160599609375,0.0802998046875,6226665207.292013,6251526251.526251,5599692016.939069,12453330414.584026,12503052503.052502,11199384033.878138,4.155673622852191
cpp,cubic_mini_01,run,vec,double,O3,48000,64,1,2,50,1000000,1000,0.013391166,13.391166,13.3291,14.2708,0.941699999999999,7.0322479760164205,0.20923696875,0.104618484375,4779270154.667637,4801524484.023678,4484682008.016369,9558540309.335272,9603048968.047358,8969364016.032738,4.155673622852191
mojo,cubic_mini_01,run,scalar,double,O3,48000,64,1,2,50,1000000,1000,0.0206950000028882,20.695000002888253,20.200000290060416,21.89999977417756,1.6999994841171429,8.214542082048254,0.3233593750451289,0.1616796875225644,3092534428.174339,3168316786.1879563,2922374459.3578873,6185068856.348678,6336633572.375913,5844748918.715775,4.155673622852191
mojo,cubic_mini_01,run,vec,double,O3,48000,64,1,2,50,1000000,1000,0.0119589999994786,11.958999999478692,11.899999663000926,12.400000196066683,0.5000005330657586,4.1809560422071606,0.1868593749918545,0.0934296874959272,5351618028.496516,5378151412.809416,5161290240.971204,10703236056.993032,10756302825.618832,10322580481.942408,4.155673622852191
cpp,custom_bargraph,run,scalar,double,O3,48000,64,1,8,50,930000,934,0.1013957469999999,109.02768494623656,100.9458,113.6,12.654199999999989,11.606409882260634,1.7035575772849465,0.2129446971606182,587006869.2328883,634003594.0078735,563380281.6901408,4696054953.863107,5072028752.062988,4507042253.521127,7.54000001233362
cpp,custom_bargraph,run,vec,double,O3,48000,64,1,8,50,930000,938,0.0996470899999999,107.14740860215052,105.4833,108.8459,3.3626000000000005,3.1382933510652444,1.674178259408602,0.2092722824260752,597307959.5199418,606731112.8870636,587987237.0020368,4778463676.159534,4853848903.096509,4703897896.0162945,7.54000001233362
mojo,custom_bargraph,run,scalar,double,O3,48000,64,1,8,50,1000000,1000,0.0792860000001383,79.28600000013827,77.79999978083652,82.39999988290947,4.600000102072954,5.801781023213344,1.2388437500021603,0.15485546875027,807204298.3614807,822622110.2864875,776699030.2299042,6457634386.891846,6580976882.2919,6213592241.839233,7.540000012333621
mojo,custom_bargraph,run,vec,double,O3,48000,64,1,8,50,1000000,1000,0.0519400000011955,51.94000000119556,51.39999993843958,53.10000015015248,1.7000002117129045,3.273007723669183,0.8115625000186806,0.101445312502335,1232190989.575025,1245136188.261695,1205273066.271662,9857527916.600204,9961089506.093555,9642184530.173296,7.540000012333621
cpp,dbmeter,run,scalar,double,O3,48000,64,8,8,50,99659,235,0.1183185829999999,1187.2342989594515,1184.5387673956263,1189.7763039568345,5.237536561208117,0.4411544179441699,18.550535921241433,2.318816990155179,53906798.39362174,54029468.483089775,53791624.34749746,431254387.14897394,432235747.8647182,430332994.7799797,0.0
cpp,dbmeter,run,vec,double,O3,48000,64,8,8,50,99888,228,0.1154301249999999,1155.5955169790166,1154.0142512606883,1157.9077159140727,3.893464653384171,0.3369227896939712,18.056179952797137,2.2570224940996417,55382700.14001978,55458587.21422547,55272107.71669941,443061601.12015826,443668697.71380377,442176861.73359525,0.0
mojo,dbmeter,run,scalar,double,O3,48000,64,8,8,50,97134,219,0.106765999997151,1099.161982386714,1097.397145635439,1104.249011822047,6.8518661866075945,0.62337183203239,17.174405974792407,2.146800746849051,58226176.87434091,58319816.35321396,57957941.8363236,465809414.99472725,466558530.82571167,463663534.6905888,0.0
mojo,dbmeter,run,vec,double,O3,48000,64,8,8,50,98094,259,0.1300019999980577,1325.279833609168,1322.8571437399037,1330.8586978515002,8.001554111596533,0.6037633644364526,20.70749740014325,2.5884371750179063,48291687.820908874,48380129.5573481,48089252.527950376,386333502.567271,387041036.4587848,384714020.223603,1040.431475520134
cpp,delays,run,scalar,double,O3,48000,64,3,3,50,1000000,1000,0.064953251,64.953251,64.2667,67.4458,3.179100000000006,4.894443235797398,1.014894546875,0.3382981822916666,985324044.8272556,995850105.8868744,948910087.8038363,2955972134.481767,2987550317.6606236,2846730263.4115095,198.23999890312552
cpp,delays,run,vec,double,O3,48000,64,3,3,50,570000,574,0.1000113739999999,175.45855087719298,174.375,178.4334,4.058400000000006,2.3130249165459955,2.7415398574561403,0.9138466191520468,364758512.36680347,367025089.6057348,358677243.1618744,1094275537.1004105,1101075268.8172042,1076031729.4856234,198.23999890312552
mojo,delays,run,scalar,double,O3,48000,64,3,3,50,1000000,1000,0.0645069999991392,64.50699999913924,63.89999980456196,66.19999985559843,2.300000051036477,3.565504598054734,1.0079218749865506,0.3359739583288502,992140387.878122,1001564948.2902018,966767373.7100108,2976421163.6343656,3004694844.8706055,2900302121.1300325,198.23999890312552
mojo,delays,run,vec,double,O3,48000,64,3,3,50,540000,544,0.1000690000000759,185.3129629631035,179.39999997906853,187.8999999462394,8.49999996717088,4.586835066073204,2.895515046298492,0.9651716820994974,345361700.42644364,356744704.61241466,340606705.7919703,1036085101.2793308,1070234113.837244,1021820117.375911,198.23999890312552
cpp,echo,run,scalar,double,O3,48000,64,1,1,50,1000000,1000,0.0276522979999999,27.652298,26.3792,29.4334,3.054199999999998,11.045013329452756,0.4320671562499999,0.4320671562499999,2314455022.8700705,2426153939.467459,2174400510.9841204,2314455022.8700705,2426153939.467459,2174400510.9841204,130.0001242160797
cpp,echo,run,vec,double,O3,48000,64,1,1,50,1000000,1000,0.0299802479999999,29.980248,29.6125,32.1,2.4875000000000007,8.297129496727313,0.4684413749999999,0.4684413749999999,2134738845.389138,2161249472.351203,1993769470.404984,2134738845.389138,2161249472.351203,1993769470.404984,130.0001242160797
mojo,echo,run,scalar,double,O3,48000,64,1,1,50,1000000,1000,0.0231800000001385,23.180000000138527,22.89999974891543,24.200000189011917,1.3000004400964826,5.608284901159248,0.3621875000021645,0.3621875000021645,2761000862.7962685,2794759855.970352,2644628078.517925,2761000862.7962685,2794759855.970352,2644628078.517925,130.0001242160797
mojo,echo,run,vec,double,O3,48000,64,1,1,50,1000000,1000,0.0371690000065427,37.1690000065428,36.99999979289714,38.39999990304932,1.4000001101521775,3.766579972304171,0.5807656251022313,0.5807656251022313,1721864994.719638,1729729739.411675,1666666670.8745954,1721864994.719638,1729729739.411675,1666666670.8745954,130.0001242160797
cpp,echo_1,run,scalar,double,O3,48000,64,1,1,50,1000000,1000,0.0278746619999999,27.874662,26.4167,30.3834,3.966700000000003,14.230486453970286,0.43554159375,0.43554159375,2295991965.750114,2422709876.7067804,2106413370.458869,2295991965.750114,2422709876.7067804,2106413370.458869,130.0001242160797
cpp,echo_1,run,vec,double,O3,48000,64,1,1,50,1000000,1000,0.0286274589999999,28.627459,28.4375,29.4917,1.0542000000000016,3.682478420456393,0.447304046875,0.447304046875,2235615812.0774884,2250549450.5494504,2170102096.5220723,2235615812.0774884,2250549450.5494504,2170102096.5220723,130.0001242160797
mojo,echo_1,run,scalar,double,O3,48000,64,1,1,50,1000000,1000,0.0230489999958081,23.04899999580812,22.80000007885974,23.70000001974404,0.8999999408842996,3.9047244611392298,0.3601406249345019,0.3601406249345019,2776693132.528074,2807017534.150848,2700421938.6785975,2776693132.528074,2807017534.150848,2700421938.6785975,130.0001242160797
mojo,echo_1,run,vec,double,O3,48000,64,1,1,50,1000000,1000,0.044943000004423,44.94300000442309,44.6999998530373,45.80000022542663,1.1000003723893317,2.4475454960306933,0.7022343750691107,0.7022343750691107,1424025988.3341436,1431767342.5149083,1397379905.7858813,1424025988.3341436,1431767342.5149083,1397379905.7858813,130.0001242160797
cpp,freeverb,run,scalar,double,O3,48000,64,2,2,50,154130,201,0.1011062099999999,655.9800817491728,654.8722769709543,658.3289183222957,3.456641351341432,0.5269430349354949,10.249688777330825,5.124844388665412,97563937.96187198,97728980.52124844,97215841.83647808,195127875.92374396,195457961.0424969,194431683.67295617,765.4368052482605
cpp,freeverb,run,vec,double,O3,48000,64,2,2,50,103727,399,0.2258717919999999,2177.5602495010944,2172.227205882353,2186.3669996300405,14.13979374768769,0.6493411032336436,34.0243788984546,17.0121894492273,29390690.80392297,29462848.005350973,29272304.242988285,58781381.60784594,58925696.01070195,58544608.48597657,765.4368052482605
mojo,freeverb,run,scalar,double,O3,48000,64,2,2,50,101266,242,0.1246840000058,1231.252345365671,1228.7037036542272,1237.311703213658,8.60799955943071,0.6991255360308946,19.23831789633861,9.619158948169304,51979596.417331144,52087415.224403374,51725042.148856595,103959192.83466227,104174830.44880676,103450084.2977132,765.4368052482605
mojo,freeverb,run,vec,double,O3,48000,64,2,2,50,105945,394,0.2310540000071341,2180.8863090012187,2164.594001071061,2192.5036385632525,27.90963749219145,1.2797383053394122,34.07634857814404,17.03817428907202,29345867.198969252,29566745.52749024,29190373.449933793,58691734.397938505,59133491.05498048,58380746.89986759,765.4368052482605
cpp,gate_compressor,run,scalar,double,O3,48000,64,1,2,50,142250,1000,1.4867234530000013,10451.482973637962,10138.352860096486,10546.03011635866,407.6772562621736,3.900664214738408,163.30442146309315,81.65221073154657,6123532.915035002,6312662.508709617,6068634.291184631,12247065.830070004,12625325.017419234,12137268.582369262,0.0
cpp,gate_compressor,run,vec,double,O3,48000,64,1,2,50,133144,870,0.903651083,6787.020691882473,6613.592233009709,6848.4254071661235,234.83317415641432,3.460033272585767,106.04719831066365,53.02359915533182,9429763.500875482,9677040.516735172,9345213.8550025,18859527.001750965,19354081.033470344,18690427.710005,0.0
mojo,gate_compressor,run,scalar,double,O3,48000,64,1,2,50,142950,1000,1.494384999998147,10453.899965009772,10021.364576473536,10593.12320946126,571.7586329877249,5.469333310070472,163.3421869532777,81.67109347663884,6122117.125112569,6386355.821266933,6041655.396100587,12244234.250225138,12772711.642533869,12083310.792201174,0.0
cpp,grain3,run,scalar,double,O3,48000,64,1,1,50,330000,338,0.0989555019999999,299.86515757575756,299.1667,301.8709,2.7042000000000144,0.9018053387269004,4.685393087121212,4.685393087121212,213429264.3980524,213927552.7657323,212011161.06256017,213429264.3980524,213927552.7657323,212011161.06256017,0.0363816643806084
cpp,grain3,run,vec,double,O3,48000,64,1,1,50,270000,275,0.099971125,370.2634259259259,368.4208,372.6708,4.25,1.1478314363272395,5.785366030092592,5.785366030092592,172849910.41163132,173714404.83273476,171733336.76800007,172849910.41163132,173714404.83273476,171733336.76800007,0.0477782386823241
mojo,grain3,run,scalar,double,O3,48000,64,1,1,50,320000,329,0.0983989999986079,307.4968749956497,303.3000000868924,309.5000000030268,6.199999916134402,2.0162806260135544,4.804638671807027,4.804638671807027,208132196.46835577,211012199.08231008,206785137.31623295,208132196.46835577,211012199.08231008,206785137.31623295,0.04795714122312
cpp,harpe,run,scalar,double,O3,48000,64,0,2,50,119470,200,0.100421831,840.5610697246169,839.6112040133779,842.3862531433361,2.7750491299582336,0.3301424762471321,13.13376671444714,6.5668833572235705,76139619.48174396,76225757.46259367,75974649.1127866,152279238.96348792,152451514.92518735,151949298.2255732,0.75925874710083
cpp,harpe,run,vec,double,O3,48000,64,0,2,50,97681,236,0.121488003,1243.7219418310624,1240.0354882459312,1252.0695416572587,12.034053411327704,0.96758391136934,19.43315534111035,9.716577670555177,51458447.300347835,51611426.12985213,51115371.687173694,102916894.60069568,103222852.25970426,102230743.3743474,0.75925874710083
mojo,harpe,run,scalar,double,O3,48000,64,0,2,50,99081,217,0.1082900000001245,1092.9441568022582,1089.468196132031,1101.712614772038,12.244418640007098,1.1203151198348396,17.077252450035285,8.538626225017643,58557429.125429,58744257.26902444,58091374.412775174,117114858.250858,117488514.53804888,116182748.82555036,0.7592587471008301
cpp,highShelf,run,scalar,double,O3,48000,64,1,1,50,560000,562,0.1004757909999999,179.42105535714285,178.8709,180.8458,1.974899999999991,1.100706935464678,2.803453989955357,2.803453989955357,356702839.99058056,357799955.1631931,353892653.299109,356702839.99058056,357799955.1631931,353892653.299109,2.0800000071758404
cpp,highShelf,run,vec,double,O3,48000,64,1,1,50,430000,435,0.0997417089999999,231.9574627906977,231.2333,235.6417,4.408399999999972,1.900520874371611,3.624335356104651,3.624335356104651,275912657.5623444,276776744.52598304,271598787.48116314,275912657.5623444,276776744.52598304,271598787.48116314,2.0800000071758404
mojo,highShelf,run,scalar,double,O3,48000,64,1,1,50,690000,697,0.099819999999454,144.66666666587534,143.59999986481853,148.89999984006863,5.299999975250103,3.663594452957899,2.260416666654302,2.260416666654302,442396313.3664751,445682451.6730363,429818670.710151,442396313.3664751,445682451.6730363,429818670.710151,2.0800000071758404
mojo,highShelf,run,vec,double,O3,48000,64,1,1,50,380000,383,0.1175490000023273,309.33947369033524,308.5999996983446,310.900000113179,2.300000414834358,0.7435198577782468,4.833429276411488,4.833429276411488,206892444.84868848,207388204.99857345,205853972.26343408,206892444.84868848,207388204.99857345,205853972.26343408,2.0800000071758404
cpp,karplus,run,scalar,double,O3,48000,64,0,1,50,810000,811,0.10139742,125.182,123.1375,126.9625,3.8250000000000033,3.0555511175728163,1.95596875,1.95596875,511255611.82917655,519744188.40726835,504085852.12168944,511255611.82917655,519744188.40726835,504085852.12168944,0.0
cpp,karplus,run,vec,double,O3,48000,64,0,1,50,520000,520,0.101097459,194.41819038461537,192.8791,195.2667,2.387599999999992,1.2280743871119413,3.037784224759615,3.037784224759615,329187304.3020793,331814074.2050331,327756857.6720967,329187304.3020793,331814074.2050331,327756857.6720967,0.0
mojo,karplus,run,scalar,double,O3,48000,64,0,1,50,810000,812,0.099065000002156,122.30246913846425,117.30000005627517,126.59999993047676,9.299999874201603,7.604098216261396,1.910976080288504,1.910976080288504,523292787.552332,545609547.9053345,505529226.18598753,523292787.552332,545609547.9053345,505529226.18598753,0.0
mojo,karplus,run,vec,double,O3,48000,64,0,1,50,450000,456,0.099302999999054,220.6733333312312,207.50000003317837,223.00000018731225,15.500000154133886,7.023957050065649,3.448020833300488,3.448020833300488,290021449.505799,308433734.8904418,286995515.454001,290021449.505799,308433734.8904418,286995515.454001,0.0
cpp,karplus32,run,scalar,double,O3,48000,64,0,2,50,104688,331,0.1840114219999999,1757.7126509246525,1754.3496416329074,1762.7142857142858,8.364644081378401,0.4758823392992104,27.464260170697692,13.732130085348846,36410957.14156266,36480755.307380065,36307642.434557095,72821914.28312533,72961510.61476013,72615284.86911419,0.0348573140217922
cpp,karplus32,run,vec,double,O3,48000,64,0,2,50,104045,387,0.222513417,2138.626719208035,2110.011465424579,2147.2162740899357,37.20480866535672,1.7396588348589517,33.416042487625546,16.708021243812773,29925746.005689178,30331588.7371834,29806033.40812765,59851492.011378355,60663177.4743668,59612066.8162553,0.0348573140217922
mojo,karplus32,run,scalar,double,O3,48000,64,0,2,50,100578,317,0.1654390000003331,1644.8825786984546,1627.2348035311468,1654.5454551460257,27.310651614878907,1.6603404989849788,25.701290292163353,12.850645146081677,38908552.39687762,39330525.540086865,38681318.66727804,77817104.79375523,78661051.08017373,77362637.33455607,0.0348573140217922
cpp,lowShelf,run,scalar,double,O3,48000,64,1,1,50,560000,562,0.1004905019999999,179.447325,178.8666,182.1125,3.245900000000006,1.8088316446065753,2.803864453125,2.803864453125,356650621.56819564,357808556.7680048,351431120.8730867,356650621.56819564,357808556.7680048,351431120.8730867,2.0800000071758404
cpp,lowShelf,run,vec,double,O3,48000,64,1,1,50,430000,436,0.0996559999999999,231.75813953488372,231.1291,233.775,2.6459000000000117,1.1416643252789649,3.621220930232558,3.621220930232558,276149955.8481176,276901523.8669644,273767511.4960967,276149955.8481176,276901523.8669644,273767511.4960967,2.0800000071758404
mojo,lowShelf,run,scalar,double,O3,48000,64,1,1,50,700000,700,0.1006430000015825,143.7757142879751,143.2999997632578,145.99999994970858,2.700000186450779,1.877925072271123,2.246495535749611,2.246495535749611,445137764.1693466,446615492.7127197,438356164.5345586,445137764.1693466,446615492.7127197,438356164.5345586,2.0800000071758404
mojo,lowShelf,run,vec,double,O3,48000,64,1,1,50,370000,377,0.1148129999965021,310.3054053959519,309.5000000030268,312.9000000626547,3.400000059627928,1.0956947576499687,4.848521959311748,4.848521959311748,206248421.35229823,206785137.31623295,204538191.07441583,206248421.35229823,206785137.31623295,204538191.07441583,2.0800000071758404
cpp,lowboost,run,scalar,double,O3,48000,64,1,1,50,560000,562,0.1004308319999999,179.34077142857143,178.8375,181.2125,2.375,1.3242945154531829,2.8021995535714286,2.8021995535714286,356862522.05896306,357866778.5000349,353176519.279851,356862522.05896306,357866778.5000349,353176519.279851,2.0800000071758404
cpp,lowboost,run,vec,double,O3,48000,64,1,1,50,430000,437,0.099505748,231.40871627906975,230.525,234.0291,3.504099999999994,1.5142471970563929,3.6157611918604657,3.6157611918604657,276566937.6205282,277627155.4061382,273470265.0225976,276566937.6205282,277627155.4061382,273470265.0225976,2.0800000071758404
mojo,lowboost,run,scalar,double,O3,48000,64,1,1,50,770000,775,0.0995510000029753,129.28701299087706,128.89999998151325,130.69999986328185,1.7999998817685992,1.3922511164331823,2.020109577982454,2.020109577982454,495022651.6913656,496508921.7158947,489671002.807551,495022651.6913656,496508921.7158947,489671002.807551,2.0800000071758404
mojo,lowboost,run,vec,double,O3,48000,64,1,1,50,360000,366,0.1116750000001047,310.20833333362447,309.3999999691732,311.49999995250255,2.099999983329326,0.6769644002667095,4.847005208337882,4.847005208337882,206312961.7190811,206851971.5784634,205457463.91575828,206312961.7190811,206851971.5784634,205457463.91575828,2.0800000071758404
cpp,lowcut,run,scalar,double,O3,48000,64,1,1,50,560000,561,0.100663751,179.75669821428573,178.9541,182.7125,3.758399999999994,2.090826120715487,2.8086984095982146,2.8086984095982146,356036802.16525996,357633605.48878175,350277074.63911885,356036802.16525996,357633605.48878175,350277074.63911885,2.0800000071758404
cpp,lowcut,run,vec,double,O3,48000,64,1,1,50,430000,437,0.099343543,231.0314953488372,229.9209,232.2,2.2790999999999997,0.98648887527597,3.6098671148255814,3.6098671148255814,277018507.3830113,278356600.0307062,275624461.6709733,277018507.3830113,278356600.0307062,275624461.6709733,2.0800000071758404
mojo,lowcut,run,scalar,double,O3,48000,64,1,1,50,770000,776,0.100510000000213,130.53246753274422,129.00000001536682,134.70000012603123,5.700000110664405,4.3667297634089035,2.0395698051991284,2.0395698051991284,490299472.6882454,496124030.9486523,475129917.8924929,490299472.6882454,496124030.9486523,475129917.8924929,2.0800000071758404
mojo,lowcut,run,vec,double,O3,48000,64,1,1,50,440000,442,0.1006170000000565,228.6750000001286,227.7000003232388,232.0999999938067,4.399999670567922,1.9241279853790088,3.5730468750020092,3.5730468750020092,279873182.46403855,281071585.0204074,275743214.1391976,279873182.46403855,281071585.0204074,275743214.1391976,2.0800000071758404
cpp,modulations,run,scalar,double,O3,48000,64,0,2,50,113011,542,0.367357327,3250.6333631239436,3198.922821969697,3283.662900188324,84.74007821862688,2.6068789910280574,50.79114629881162,25.39557314940581,19688470.784196444,20006734.629687876,19490429.421463903,39376941.56839289,40013469.25937575,38980858.842927806,-16.54363280488178
cpp,modulations,run,vec,double,O3,48000,64,0,2,50,116228,625,0.4544827070000001,3910.268670199952,3835.68673415024,3937.958595387841,102.27186123760112,2.6154689067022967,61.09794797187425,30.548973985937124,16367161.798303578,16685408.490268327,16252075.396363271,32734323.596607156,33370816.980536655,32504150.792726547,-16.54363280488178
mojo,modulations,run,scalar,double,O3,48000,64,0,2,50,112700,542,0.3621959999982209,3213.806566088916,3158.072288798909,3236.2505990352893,78.17831023638018,2.4325767163865217,50.21572759513931,25.107863797569657,19914079.669668987,20265527.241727818,19775971.619465467,39828159.339337975,40531054.48345563,39551943.23893093,-16.54363280488178
cpp,modulations_1,run,scalar,double,O3,48000,64,0,2,50,112087,551,0.361244549,3222.8942607082,3187.6822157434403,3242.1383647798743,54.456149036434,1.6896660154301115,50.357722823565624,25.178861411782812,19857927.323354572,20077283.640105177,19740058.195926283,39715854.646709144,40154567.28021035,39480116.391852565,-16.54363280488178
cpp,modulations_1,run,vec,double,O3,48000,64,0,2,50,117794,630,0.4603824950000001,3908.369653802401,3838.9744136460554,3923.1870310825298,84.21261743647392,2.154673812763452,61.068275840662515,30.534137920331258,16375114.34921086,16671119.185505636,16313267.629848484,32750228.69842172,33342238.371011272,32626535.259696968,-16.54363280488178
mojo,modulations_1,run,scalar,double,O3,48000,64,0,2,50,111255,535,0.3577860000004875,3215.909397334839,3124.524714396877,3266.9208766890333,142.39616229215653,4.427866108733234,50.24858433335686,25.12429216667843,19901058.17441235,20483115.305539787,19590312.228456195,39802116.3488247,40966230.61107957,39180624.45691239,-16.54363280488178
cpp,multibandfilter,run,scalar,double,O3,48000,64,1,1,50,210000,213,0.100734792,479.6894857142857,476.4625,482.075,5.612500000000011,1.170027729843332,7.495148214285714,7.495148214285714,133419643.13580953,134323267.83325025,132759425.40061194,133419643.13580953,134323267.83325025,132759425.40061194,2.0800000071758404
cpp,multibandfilter,run,vec,double,O3,48000,64,1,1,50,193470,201,0.101683249,525.5763115728537,524.0150966807983,528.2016137374574,4.186517056659113,0.7965574103083966,8.212129868325839,8.212129868325839,121771089.35612392,122133885.8467762,121165854.733286,121771089.35612392,122133885.8467762,121165854.733286,2.0800000071758404
mojo,multibandfilter,run,scalar,double,O3,48000,64,1,1,50,177631,196,0.1007239999999001,567.0406629467835,565.505450058308,569.3508717318848,3.845421673576766,0.6781562460781858,8.860010358543493,8.860010358543493,112866685.19927002,113173091.42361245,112408715.21865076,112866685.19927002,113173091.42361245,112408715.21865076,2.0800000071758404
mojo,multibandfilter,run,vec,double,O3,48000,64,1,1,50,125685,194,0.096055999998498,764.259855977229,760.5740184219711,768.1137495568889,7.539731134917815,0.9865402553791156,11.941560249644205,11.941560249644205,83741150.9965622,84146971.16894205,83320992.54429497,83741150.9965622,84146971.16894205,83320992.54429497,2.0800000071758404
cpp,noise,run,scalar,double,O3,48000,64,0,1,50,1000000,1000,0.061427497,61.427497,59.9,64.0125,4.112500000000004,6.694884540061927,0.959804640625,0.959804640625,1041878688.3014294,1068447412.3539232,999804725.6395236,1041878688.3014294,1068447412.3539232,999804725.6395236,3.6501806383021176
cpp,noise,run,vec,double,O3,48000,64,0,1,50,760000,768,0.099399164,130.7883736842105,130.4458,132.3458,1.9000000000000057,1.4527285159058323,2.0435683388157893,2.0435683388157893,489340131.67354184,490625225.1893124,483581647.4720014,489340131.67354184,490625225.1893124,483581647.4720014,-5.466152330627665
mojo,noise,run,scalar,double,O3,48000,64,0,1,50,1000000,1000,0.0602650000073481,60.26500000734813,57.99999998998828,61.99999988893978,3.9999998989515007,6.637351528190126,0.9416406251148144,0.9416406251148144,1061976271.3381972,1103448276.0525415,1032258066.3652064,1061976271.3381972,1103448276.0525415,1032258066.3652064,3.6501806383021176
mojo,noise,run,vec,double,O3,48000,64,0,1,50,730000,739,0.0993240000025252,136.060273976062,135.60000006691553,138.59999999112915,2.9999999242136255,2.20490510311734,2.125941780875969,2.125941780875969,470379767.21449155,471976400.9470313,461760461.79001594,470379767.21449155,471976400.9470313,461760461.79001594,-2.19944404065609
cpp,noiseabs,run,scalar,double,O3,48000,64,0,1,50,1000000,1000,0.061174285,61.174285,59.8708,63.9,4.029199999999996,6.58642761415192,0.955848203125,0.955848203125,1046191222.3412172,1068968512.1962626,1001564945.226917,1046191222.3412172,1068968512.1962626,1001564945.226917,31.14591835718602
cpp,noiseabs,run,vec,double,O3,48000,64,0,1,50,760000,768,0.0995254959999999,130.9546,130.5291,132.8625,2.3334000000000117,1.781838896839066,2.046165625,2.046165625,488718991.16182256,490312121.9712693,481701006.67983806,488718991.16182256,490312121.9712693,481701006.67983806,35.58551173983142
mojo,noiseabs,run,scalar,double,O3,48000,64,0,1,50,1000000,1000,0.0597600000000966,59.76000000009661,57.89999995613471,61.90000021888409,4.000000262749381,6.6934408680437,0.9337500000015097,0.9337500000015097,1070950468.5390984,1105354059.5593555,1033925682.93522,1070950468.5390984,1105354059.5593555,1033925682.93522,31.14591835718602
mojo,noiseabs,run,vec,double,O3,48000,64,0,1,50,720000,725,0.100150999998732,139.09861110934995,130.39999976172112,143.6999998986721,13.300000136950985,9.561562139894711,2.173415798583593,2.173415798583593,460105241.0917855,490797546.9091004,445372303.7239293,460105241.0917855,490797546.9091004,445372303.7239293,30.034664852544665
cpp,notch,run,scalar,double,O3,48000,64,1,1,50,550000,559,0.099084042,180.15280363636364,179.6959,182.7459,3.0500000000000114,1.6930072352115046,2.814887556818182,2.814887556818182,355253977.2247077,356157263.4656662,350213055.39549726,355253977.2247077,356157263.4656662,350213055.39549726,2.080000001937151
cpp,notch,run,vec,double,O3,48000,64,1,1,50,430000,439,0.098907961,230.01851395348837,229.2583,231.7167,2.4584000000000117,1.0687835330060085,3.5940392805232557,3.5940392805232557,278238472.6341694,279161103.436604,276199341.6961315,278238472.6341694,279161103.436604,276199341.6961315,2.080000001937151
mojo,notch,run,scalar,double,O3,48000,64,1,1,50,690000,692,0.100297999997565,145.3594202863262,144.79999990726355,147.39999969606288,2.599999788799323,1.7886696188509097,2.271240941973847,2.271240941973847,440287941.9437285,441988950.5593128,434192673.8939435,440287941.9437285,441988950.5593128,434192673.8939435,2.080000001937151
mojo,notch,run,vec,double,O3,48000,64,1,1,50,490000,497,0.099489000000176,203.03877551056323,202.500000159489,205.79999982146543,3.2999996619764715,1.6253051436496606,3.1724808673525504,3.1724808673525504,315210726.81346196,316049382.46712893,310981535.7411125,315210726.81346196,316049382.46712893,310981535.7411125,2.080000001937151
cpp,osc,run,scalar,double,O3,48000,64,0,1,50,620000,620,0.1000205409999999,161.32345322580645,159.6208,165.5583,5.9375,3.6804939897295696,2.5206789566532257,2.5206789566532257,396718510.05085063,400950252.097471,386570772.9543007,396718510.05085063,400950252.097471,386570772.9543007,-11.010009929537771
cpp,osc,run,vec,double,O3,48000,64,0,1,50,410000,415,0.098388294,239.9714487804878,237.4416,244.6208,7.179200000000009,2.991689234900245,3.7495538871951215,3.7495538871951215,266698394.01829645,269539962.6687152,261629428.07807025,266698394.01829645,269539962.6687152,261629428.07807025,-0.865588292479515
mojo,osc,run,scalar,double,O3,48000,64,0,1,50,630000,630,0.102073999998538,162.0222222199016,158.89999995124526,175.0999999785563,16.200000027311035,9.998628463028911,2.5315972221859626,2.5315972221859626,395007543.552496,402769037.2538508,365505425.5159211,395007543.552496,402769037.2538508,365505425.5159211,11.875598222017288
cpp,panpot,run,scalar,double,O3,48000,64,1,2,50,1000000,1000,0.0106328329999999,10.632833,10.5916,11.2291,0.637500000000001,5.995579917412425,0.166138015625,0.0830690078124999,6019091995.5199175,6042524264.511499,5699477251.070878,12038183991.039837,12085048529.023,11398954502.141756,2.941564236418344
cpp,panpot,run,vec,double,O3,48000,64,1,2,50,1000000,1000,0.020598833,20.598833,20.0291,21.0167,0.9876000000000004,4.794446364995534,0.3218567656249999,0.1609283828124999,3106972127.9841437,3195350764.6374526,3045197390.646486,6213944255.968287,6390701529.274905,6090394781.292972,2.941564236418344
mojo,panpot,run,scalar,double,O3,48000,64,1,2,50,1000000,1000,0.01738800000021,17.388000000210017,17.299999672104605,18.199999976786785,0.9000003046821803,5.17598518904595,0.2716875000032815,0.1358437500016407,3680699332.82879,3699422035.4348817,3516483520.9686203,7361398665.65758,7398844070.869763,7032967041.937241,2.941564236418344
mojo,panpot,run,vec,double,O3,48000,64,1,2,50,1000000,1000,0.0119840000006661,11.984000000666128,11.899999663000926,12.400000196066683,0.5000005330657586,4.172234087432963,0.1872500000104082,0.0936250000052041,5340453938.287931,5378151412.809416,5161290240.971204,10680907876.575865,10756302825.618832,10322580481.942408,2.941564236418344
cpp,parametric_eq,run,scalar,double,O3,48000,64,1,2,50,125650,1000,2.0261758750000007,16125.554118583366,15596.282218597064,16286.279869067102,689.9976504700389,4.278908156556764,251.9617831028651,125.98089155143256,3968855.862524766,4103542.0559193376,3929688.088042539,7937711.725049532,8207084.111838675,7859376.176085078,-0.0036151215535937
cpp,parametric_eq,run,vec,double,O3,48000,64,1,2,50,139481,955,1.225324041,8784.881388863,8534.727272727272,8836.415212840195,301.68794011292266,3.4341720366923387,137.26377170098436,68.63188585049218,7285243.4958468275,7498775.058051596,7242756.079071704,14570486.991693651,14997550.116103197,14485512.158143409,0.015814264799701
mojo,parametric_eq,run,scalar,double,O3,48000,64,1,2,50,126650,1000,2.034247999999934,16061.966048163707,15631.336405182676,16236.00973202983,604.6733268471544,3.7646283464550345,250.96821950255793,125.48410975127896,3984568.25323179,4094339.6227324726,3941855.237604536,7969136.50646358,8188679.245464945,7883710.475209071,-0.1220308113024657
mojo,parametric_eq,run,vec,double,O3,48000,64,1,2,50,121450,1000,2.2375089999986812,18423.293536423895,17971.210838335934,18642.140467547815,670.9296292118815,3.6417464004762,287.86396150662335,143.93198075331168,3473863.121893401,3561251.413481617,3433082.1673300345,6947726.243786802,7122502.826963234,6866164.334660069,0.3654907942400314
cpp,peakNotch,run,scalar,double,O3,48000,64,1,1,50,560000,562,0.100545834,179.54613214285715,178.8041,182.3958,3.591700000000003,2.00043295677472,2.805408314732143,2.805408314732143,356454350.9579919,357933626.80162257,350885272.5775484,356454350.9579919,357933626.80162257,350885272.5775484,2.0800000071758404
cpp,peakNotch,run,vec,double,O3,48000,64,1,1,50,490000,490,0.1008172089999999,205.749406122449,205.2625,207.3166,2.054099999999977,0.998350390755202,3.2148344706632654,3.2148344706632654,311058005.9799116,311795871.1406126,308706586.93032783,311058005.9799116,311795871.1406126,308706586.93032783,2.0800000071758404
mojo,peakNotch,run,scalar,double,O3,48000,64,1,1,50,680000,683,0.1002480000024661,147.42352941539136,146.89999989059288,149.20000030542724,2.300000414834358,1.560131156780074,2.30349264711549,2.30349264711549,434123374.02172005,435670524.49057496,428954422.7143809,434123374.02172005,435670524.49057496,428954422.7143809,2.0800000071758404
mojo,peakNotch,run,vec,double,O3,48000,64,1,1,50,490000,498,0.0994790000004286,203.0183673478136,202.20000005792824,205.90000021911692,3.7000001611886546,1.8224952793801992,3.1721619898095876,3.1721619898095876,315242412.9702236,316518298.6234651,310830499.91205335,315242412.9702236,316518298.6234651,310830499.91205335,2.0800000071758404
cpp,phaser_flanger,run,scalar,double,O3,48000,64,1,2,50,135850,1000,1.713535873,12613.44036069194,12198.368653421634,12778.514004542014,580.1453511203799,4.599422001695299,197.08500563581157,98.5425028179058,5073952.717883952,5246603.199030884,5008407.07904313,10147905.435767904,10493206.398061767,10016814.15808626,-0.001943906525696
cpp,phaser_flanger,run,vec,double,O3,48000,64,1,2,50,142058,974,1.3085866250000004,9211.636268284785,8988.291208791208,9269.338620689656,281.04741189844754,3.0510042267526356,143.93181669194976,71.96590834597488,6947734.163185411,7120374.553219115,6904483.9787327,13895468.326370822,14240749.106438233,13808967.9574654,0.0025726918702275
mojo,phaser_flanger,run,scalar,double,O3,48000,64,1,2,50,136450,1000,1.6935780000021623,12411.711249557804,11952.802360557143,12621.923934825954,669.1215742688091,5.391050120446914,193.9329882743407,96.96649413717034,5156420.3124915715,5354392.892096379,5070542.361883003,10312840.624983145,10708785.784192758,10141084.723766008,-0.0970361377576409
cpp,phasor,run,scalar,double,O3,48000,64,0,3,50,640000,642,0.1002591269999999,156.6548859375,148.1125,159.725,11.612499999999985,7.412791455884099,2.4477325927734377,0.8159108642578125,408541359.03257966,432103975.0189889,400688683.67506653,1225624077.097739,1296311925.0569668,1202066051.0251997,76.10624990658835
cpp,phasor,run,vec,double,O3,48000,64,0,3,50,610000,618,0.098876126,162.0920098360656,160.5042,164.9333,4.429100000000005,2.73246041213225,2.5326876536885248,0.8442292178961748,394837475.73200834,398743459.6727064,388035648.3499694,1184512427.196025,1196230379.018119,1164106945.049908,74.78958322503604
mojo,phasor,run,scalar,double,O3,48000,64,0,3,50,640000,641,0.1004569999968225,156.9640624950353,156.39999983250163,160.9999999345746,4.600000102072954,2.9306071905589532,2.4525634764849267,0.8175211588283089,407736643.5519233,409207161.5635648,397515528.11184853,1223209930.6557698,1227621484.6906943,1192546584.3355455,76.04791655787267
cpp,phasor_sine,run,scalar,double,O3,48000,64,0,1,50,440000,448,0.09930883,225.70188636363636,224.7458,227.2833,2.5374999999999943,1.1242706212529112,3.5265919744318186,3.5265919744318186,283559880.82832104,284766166.93170685,281586900.5773851,283559880.82832104,284766166.93170685,281586900.5773851,9.248172003775837
cpp,phasor_sine,run,vec,double,O3,48000,64,0,1,50,350000,355,0.100347498,286.70713714285716,285.3542,289.1583,3.804100000000006,1.326824312052107,4.479799017857143,4.479799017857143,223224300.02190983,224282663.44073436,221332052.3740802,223224300.02190983,224282663.44073436,221332052.3740802,9.248172145336866
mojo,phasor_sine,run,scalar,double,O3,48000,64,0,1,50,450000,452,0.100734999999986,223.85555555552452,223.19999989122152,224.80000006908085,1.600000177859329,0.7147466918516878,3.4977430555550706,3.4977430555550706,285898644.959587,286738351.39422476,284697508.80930984,285898644.959587,286738351.39422476,284697508.80930984,-32.46360518793294
mojo,phasor_sine,run,vec,double,O3,48000,64,0,1,50,290000,290,0.1020509999980276,351.8999999931989,351.19999993185047,354.1000001860084,2.9000002541579306,0.8240978272844497,5.498437499893733,5.498437499893733,181869849.3925459,182232346.2768196,180739903.8869835,181869849.3925459,182232346.2768196,180739903.8869835,-32.46360511359074
cpp,pitch_shifter,run,scalar,double,O3,48000,64,1,1,50,280000,282,0.100901915,360.36398214285714,341.9541,364.8,22.84590000000003,6.339673533450785,5.630687220982143,5.630687220982143,177598215.05865374,187159621.7153121,175438596.49122807,177598215.05865374,187159621.7153121,175438596.49122807,2.0800000071758404
cpp,pitch_shifter,run,vec,double,O3,48000,64,1,1,50,220000,228,0.0979435,445.19772727272726,436.1,447.8459,11.745899999999947,2.6383557867545973,6.9562144886363635,6.9562144886363635,143756349.32384485,146755331.34602153,142906298.79608142,143756349.32384485,146755331.34602153,142906298.79608142,2.0800000071758404
mojo,pitch_shifter,run,scalar,double,O3,48000,64,1,1,50,168150,203,0.1008129999972879,599.542075511674,598.049708636251,603.3067681607419,5.257059524490842,0.876845802691037,9.367844929869907,9.367844929869907,106748137.64385052,107014515.8099666,106082018.92896414,106748137.64385052,107014515.8099666,106082018.92896414,2.0800000071758404
cpp,quadecho,run,scalar,double,O3,48000,64,4,4,50,1000000,1000,0.08194958,81.94958,80.9334,82.9542,2.0207999999999946,2.465906475664664,1.2804621875,0.3201155468749999,780968004.9610991,790773648.4566321,771510062.1788889,3123872019.8443966,3163094593.8265285,3086040248.715556,47936011.497558594
cpp,quadecho,run,vec,double,O3,48000,64,4,4,50,640000,640,0.10090921,157.670640625,156.9333,159.0167,2.0833999999999833,1.3213620441582976,2.463603759765625,0.6159009399414062,405909430.86364466,407816569.20487875,402473450.90169775,1623637723.4545786,1631266276.819515,1609893803.606791,30609983.387939453
mojo,quadecho,run,scalar,double,O3,48000,64,4,4,50,1000000,1000,0.0981990000036603,98.19900000366032,97.80000000318978,99.4999998511048,1.6999998479150236,1.7311783703007737,1.5343593750571929,0.3835898437642981,651737797.7129545,654396727.9950166,643216081.3645406,2606951190.851818,2617586911.9800663,2572864325.4581623,47936011.497558594
mojo,quadecho,run,vec,double,O3,48000,64,4,4,50,500000,503,0.1058190000003378,211.63800000067567,210.8999997290084,212.6999999745749,1.80000024556648,0.8505090038465366,3.3068437500105574,0.8267109375026394,302403160.11205775,303461356.4828614,300893276.9518112,1209612640.448231,1213845425.9314456,1203573107.8072448,24016260.90625
cpp,recosc_mini,run,scalar,double,O3,48000,64,0,1,50,610000,612,0.099974378,163.89242295081968,162.9792,166.0709,3.091700000000003,1.8864203386191627,2.5608191086065575,2.5608191086065575,390500053.9238163,392688146.7082917,385377570.6640958,390500053.9238163,392688146.7082917,385377570.6640958,-25.488675955682993
cpp,recosc_mini,run,vec,double,O3,48000,64,0,1,50,380000,381,0.1013808299999999,266.79165789473683,265.1458,268.8542,3.7083999999999833,1.3899984839342838,4.168619654605263,4.168619654605263,239887560.5970084,241376631.27230376,238047238.9867817,239887560.5970084,241376631.27230376,238047238.9867817,-25.488675829023123
mojo,recosc_mini,run,scalar,double,O3,48000,64,0,1,50,600000,609,0.0994520000022021,165.7533333370036,162.89999985019676,167.70000001997687,4.800000169780105,2.8958694664806055,2.589895833390681,2.589895833390681,386115915.20683074,392879067.2735086,381633869.9605018,386115915.20683074,392879067.2735086,381633869.9605018,-25.488675955682993
mojo,recosc_mini,run,vec,double,O3,48000,64,0,1,50,340000,349,0.0993719999969471,292.27058822631494,291.60000012780074,293.20000030566007,1.600000177859329,0.5474379709464281,4.566727941036171,4.566727941036171,218975164.0368364,219478737.90106463,218281036.6073677,218975164.0368364,219478737.90106463,218281036.6073677,3.419689862057566
cpp,spat,run,scalar,double,O3,48000,64,1,8,50,890000,896,0.0997558719999999,112.08524943820224,111.3417,113.1417,1.7999999999999972,1.6059205016021487,1.7513320224719102,0.2189165028089887,570993956.1252095,574807102.8195187,565662350.8396993,4567951649.001676,4598456822.5561495,4525298806.717594,3.766173154232092
cpp,spat,run,vec,double,O3,48000,64,1,8,50,300000,309,0.098083375,326.94458333333336,322.7583,329.075,6.316699999999969,1.9320399609006016,5.108509114583334,0.6385636393229167,195751828.4826557,198290795.3102987,194484539.9984806,1566014627.8612456,1586326362.48239,1555876319.9878447,3.766173154232092
mojo,spat,run,scalar,double,O3,48000,64,1,8,50,1000000,1000,0.0864609999989625,86.4609999989625,85.59999987483025,89.20000000216532,3.600000127335079,4.163727145624359,1.3509531249837892,0.1688691406229736,740218133.0399599,747663552.4951503,717488789.2202512,5921745064.319679,5981308419.961203,5739910313.76201,3.766173154232092
mojo,spat,run,vec,double,O3,48000,64,1,8,50,330000,334,0.0989339999978256,299.79999999341095,284.2000001692213,309.1999999014661,24.99999973224476,8.33889250593536,4.684374999897046,0.5855468749871308,213475650.43831423,225193525.55204943,206985769.79429212,1707805203.506514,1801548204.4163957,1655886158.354337,3.766173154232092
cpp,spectral_level,run,scalar,double,O3,48000,64,1,2,50,121350,1000,2.291116709,18880.236580140092,18211.962903225805,19122.08347386172,910.120570635914,4.820493465602331,295.00369656468894,147.50184828234447,3389788.031963587,3514173.641802442,3346915.6270279135,6779576.063927174,7028347.283604884,6693831.254055827,4.160000014351681
cpp,spectral_level,run,vec,double,O3,48000,64,1,2,50,133550,1000,1.7627313299999992,13199.03654062149,12955.27185892726,13466.22380239521,510.9519434679514,3.871130607870056,206.2349459472108,103.1174729736054,4848838.762059107,4940073.870846537,4752631.542379122,9697677.524118217,9880147.741693074,9505263.084758244,4.160000014351681
mojo,spectral_level,run,scalar,double,O3,48000,64,1,2,50,121050,1000,2.2977409999984957,18981.751342408064,18494.411004584697,19133.55317315922,639.1421685745227,3.367140139206142,296.589864725126,148.294932362563,3371659.3819778087,3460504.9051918783,3344909.302563832,6743318.763955617,6921009.810383757,6689818.605127664,4.160000014351681
mojo,spectral_level,run,vec,double,O3,48000,64,1,2,50,115950,1000,2.717387000004237,23435.851660234915,22920.034395375467,23726.381462465997,806.3470670905299,3.440656131386554,366.18518219117055,183.09259109558528,2730858.7256759633,2792316.9265798815,2697419.3305137972,5461717.451351927,5584633.853159763,5394838.6610275945,4.160000014351681
cpp,spectral_tilt,run,scalar,double,O3,48000,64,1,1,50,135550,1000,1.6486404090000002,12162.599845075618,11712.782828282829,12510.707611152977,797.9247828701482,6.560478787709284,190.04062257930653,190.04062257930653,5262032.856068372,5464115.653665101,5115617.916203687,5262032.856068372,5464115.653665101,5115617.916203687,0.0077649034064961
cpp,spectral_tilt,run,vec,double,O3,48000,64,1,1,50,138102,938,1.149451997,8323.210359010007,8157.183145321831,8368.101876675602,210.91873135377136,2.534103095513482,130.05016185953136,130.05016185953136,7689340.679791781,7845845.662629776,7648090.444308178,7689340.679791781,7845845.662629776,7648090.444308178,0.0001387763968523
mojo,spectral_tilt,run,scalar,double,O3,48000,64,1,1,50,135950,1000,1.6610159999981988,12217.84479586759,11907.46054424516,12343.994314651924,436.5337704067624,3.572919591795847,190.9038249354311,190.9038249354311,5238239.727979402,5374781.613778347,5184707.507847283,5238239.727979402,5374781.613778347,5184707.507847283,0.0160870616382453
mojo,spectral_tilt,run,vec,double,O3,48000,64,1,1,50,129450,1000,1.845799000002444,14258.779451544568,13779.84496170128,14416.336242997102,636.4912812958228,4.463855293216388,222.79342893038387,222.79342893038387,4488462.719932686,4644464.446289276,4439408.107665963,4488462.719932686,4644464.446289276,4439408.107665963,-0.0111496784957125
cpp,stereoecho,run,scalar,double,O3,48000,64,2,2,50,1000000,1000,0.0276303719999999,27.630372,26.075000000000003,29.6583,3.5832999999999977,12.968699806140856,0.4317245625,0.21586228125,2316291651.8098273,2454458293.3844676,2157911950.448947,4632583303.619655,4908916586.768935,4315823900.897894,749.0111175179482
cpp,stereoecho,run,vec,double,O3,48000,64,2,2,50,1000000,1000,0.0541631229999999,54.163123,53.7708,55.6375,1.8667000000000016,3.446440856078409,0.8462987968749999,0.4231493984374999,1181615764.6596563,1190237080.3484418,1150303302.6286228,2363231529.319313,2380474160.6968837,2300606605.2572455,749.0111175179482
mojo,stereoecho,run,scalar,double,O3,48000,64,2,2,50,1000000,1000,0.0455060000022058,45.50600000220585,45.29999969236087,46.69999980251305,1.4000001101521775,3.076517624234857,0.7110312500344664,0.3555156250172332,1406407946.1367226,1412803541.603392,1370449684.5962727,2812815892.273445,2825607083.206784,2740899369.1925454,749.0111175179482
mojo,stereoecho,run,vec,double,O3,48000,64,2,2,50,1000000,1000,0.0956009999972593,95.60099999725934,95.29999988444617,96.69999999459831,1.4000001101521775,1.4644199435071938,1.4937656249571771,0.7468828124785886,669449064.3595227,671563484.549861,661840744.6078081,1338898128.7190454,1343126969.099722,1323681489.2156162,749.0111175179482
cpp,thru_zero_flanger,run,scalar,double,O3,48000,64,2,2,50,330000,332,0.100779414,305.39216363636365,298.8375,308.0209,9.183400000000006,3.0070843634792337,4.771752556818182,2.385876278409091,209566608.51391733,214163215.7945372,207778108.56341243,419133217.02783465,428326431.5890744,415556217.12682486,0.0030207892414182
cpp,thru_zero_flanger,run,vec,double,O3,48000,64,2,2,50,230000,239,0.097776709,425.11612608695646,414.48329999999993,427.7167,13.233400000000074,3.1128906169259767,6.6424394701086955,3.321219735054348,150547100.12790465,154409116.12120444,149631753.9156175,301094200.2558093,308818232.2424089,299263507.831235,0.0030207973904907
mojo,thru_zero_flanger,run,scalar,double,O3,48000,64,2,2,50,280000,280,0.1007929999977932,359.9749999921187,346.79999989748467,363.9999998995336,17.20000000204891,4.778109591617609,5.624609374876854,2.812304687438427,177790124.31808102,184544406.0522452,175824175.87270448,355580248.63616204,369088812.1044904,351648351.74540895,0.0030207934323698
cpp,vcf_wah_pedals,run,scalar,double,O3,48000,64,1,2,50,136950,1000,1.6309071269999995,11908.777853231106,11534.490432317503,12054.49633431085,520.0059019933451,4.3665765572430795,186.07465395673603,93.037326978368,5374187.073498516,5548576.278730429,5309222.237501211,10748374.146997033,11097152.557460858,10618444.475002425,1.6136236128616588e-05
cpp,vcf_wah_pedals,run,vec,double,O3,48000,64,1,2,50,136019,914,1.072892504,7887.813496643851,7673.259012016021,7946.475625823452,273.2166138074308,3.463781362524361,123.24708588506016,61.62354294253009,8113782.105425166,8340654.199184273,8053884.893577336,16227564.210850334,16681308.398368549,16107769.787154673,2.811462104124196e-06
mojo,vcf_wah_pedals,run,scalar,double,O3,48000,64,1,2,50,137650,1000,1.6443440000039118,11945.833636061834,11582.921666332904,12068.10035737395,485.1786910410483,4.061488765224396,186.65365056346616,93.32682528173308,5357516.432072026,5525376.225760326,5303237.303698273,10715032.864144051,11050752.451520652,10606474.607396549,-7.84783937319844e-05
mojo,vcf_wah_pedals,run,vec,double,O3,48000,64,1,2,50,128950,1000,1.8829619999996792,14602.2644435803,14213.34367692763,14784.911715386868,571.5680384592379,3.9142424838807823,228.1603819309422,114.0801909654711,4382881.863787695,4502810.982041511,4328737.379838007,8765763.72757539,9005621.964083022,8657474.759676013,4.0406556728100895e-05
cpp,virtual_analog_oscillators,run,scalar,double,O3,48000,64,1,2,50,134050,1000,1.720113001,12831.87617306975,12445.359706959707,12966.352331606218,520.9926246465111,4.060143798300657,200.49806520421484,100.24903260210742,4987579.301483344,5142478.924430754,4935852.301652823,9975158.602966689,10284957.848861508,9871704.603305643,0.002121275596437
cpp,virtual_analog_oscillators,run,vec,double,O3,48000,64,1,2,50,141405,972,1.297785916,9177.793684806054,8916.864005412719,9241.54005524862,324.6760498358999,3.5376263728112014,143.4030263250946,71.7015131625473,6973353.531138182,7177411.246953042,6925252.676219478,13946707.062276363,14354822.493906084,13850505.352438956,0.0124866573037252
mojo,virtual_analog_oscillators,run,scalar,double,O3,48000,64,1,2,50,135350,1000,1.6800560000010591,12412.678241603686,12044.927535643565,12555.14705863949,510.2195229959252,4.110470867486259,193.9480975250576,96.9740487625288,5156018.608900262,5313440.019511122,5097510.981041047,10312037.217800524,10626880.039022245,10195021.962082094,-0.0023931817636366
cpp,volterra_mini_01,run,scalar,double,O3,48000,64,0,1,50,370000,375,0.100385712,271.31273513513514,269.4042,272.9541,3.5498999999999796,1.3084162813927067,4.239261486486487,4.239261486486487,235890143.41005015,237561255.5409307,234471656.58988088,235890143.41005015,237561255.5409307,234471656.58988088,-2.480763701722026
cpp,volterra_mini_01,run,vec,double,O3,48000,64,0,1,50,200000,209,0.0977598359999999,488.79918,486.4584,492.425,5.966600000000028,1.2206648955507715,7.6374871875,7.6374871875,130933116.54082564,131563151.1348144,129969030.81687568,130933116.54082564,131563151.1348144,129969030.81687568,-16.749166977824643
mojo,volterra_mini_01,run,scalar,double,O3,48000,64,0,1,50,220000,224,0.0994640000026265,452.10909092102986,426.0000001522712,457.00000009674113,30.99999994446989,6.856752179284243,7.064204545641092,7.064204545641092,141558754.92266735,150234741.73033702,140043763.6465033,141558754.92266735,150234741.73033702,140043763.6465033,-16.749166977591813
mojo,volterra_mini_01,run,vec,double,O3,48000,64,0,1,50,164150,200,0.1036970000022847,631.7209869161425,621.0590382433954,637.1174248008322,16.058386557436734,2.5420061846969153,9.870640420564726,9.870640420564726,101310549.0011141,103049784.41504969,100452440.17616832,101310549.0011141,103049784.41504969,100452440.17616832,11.16383137088269
cpp,volterra_mini_02,run,scalar,double,O3,48000,64,0,1,50,370000,375,0.0995058759999999,268.9348,251.6917,272.4042,20.71250000000001,7.701680853500553,4.20210625,4.20210625,237975896.01643223,254279342.5448674,234944982.4929278,237975896.01643223,254279342.5448674,234944982.4929278,-2.480763701722026
cpp,volterra_mini_02,run,vec,double,O3,48000,64,0,1,50,210000,215,0.0994015819999999,473.3408666666666,465.425,478.2208,12.795799999999986,2.7032950038964136,7.395951041666668,7.395951041666668,135209115.6859053,137508728.5814041,133829394.28816146,135209115.6859053,137508728.5814041,133829394.28816146,-16.749166977824643
mojo,volterra_mini_02,run,scalar,double,O3,48000,64,0,1,50,220000,224,0.0999919999994745,454.5090909067022,453.8000001048203,456.3999998936197,2.599999788799323,0.572045717196233,7.101704545417222,7.101704545417222,140811264.90193212,141031291.28518522,140227870.3219051,140811264.90193212,141031291.28518522,140227870.3219051,-16.749166977591813
mojo,volterra_mini_02,run,vec,double,O3,48000,64,0,1,50,160190,202,0.101888000001054,636.0446969289844,627.1546341308928,644.7910168041147,17.636382673221988,2.772821274727352,9.938198389515382,9.938198389515382,100621859.29544148,102048197.55289032,99256965.95032276,100621859.29544148,102048197.55289032,99256965.95032276,17.136182749643922
cpp,volterra_mini_50,run,scalar,double,O3,48000,64,0,1,50,370000,375,0.099204955,268.1215,255.6375,271.6916,16.054100000000005,5.987621283634473,4.1893984375,4.1893984375,238697754.56276348,250354505.89213243,235561202.4810484,238697754.56276348,250354505.89213243,235561202.4810484,0.547698937698442
cpp,volterra_mini_50,run,vec,double,O3,48000,64,0,1,50,210000,217,0.09885729,470.749,460.3417,474.3416,13.999900000000023,2.973962769968715,7.355453125,7.355453125,135953554.8668186,139027161.78004295,134923860.77881426,135953554.8668186,139027161.78004295,134923860.77881426,1.4951293356716633
mojo,volterra_mini_50,run,scalar,double,O3,48000,64,0,1,50,360000,365,0.1000419999982114,277.8944444394761,276.799999846844,280.09999987261835,3.3000000257743523,1.1875012587713225,4.342100694366814,4.342100694366814,230303272.62961477,231213872.9603027,228489825.16638848,230303272.62961477,231213872.9603027,228489825.16638848,-0.0017148721963167
mojo,volterra_mini_50,run,vec,double,O3,48000,64,0,1,50,162310,202,0.1028559999977005,633.700942626459,631.8579706176622,637.25973353883,5.401762921167801,0.8524151627074227,9.901577228538422,9.901577228538422,100994011.04682498,101288585.37218082,100430007.78441668,100994011.04682498,101288585.37218082,100430007.78441668,-4.37987001251895
cpp,volterra_mini_99,run,scalar,double,O3,48000,64,0,1,50,370000,374,0.099922168,270.0599135135135,268.9,271.7875,2.8875000000000455,1.0692071853365082,4.219686148648648,4.219686148648648,236984449.7369192,238006693.93826705,235478084.9008876,236984449.7369192,238006693.93826705,235478084.9008876,-12.562089512124658
cpp,volterra_mini_99,run,vec,double,O3,48000,64,0,1,50,210000,213,0.100764749,479.83213809523807,476.6666,483.3959,6.7292999999999665,1.4024279463049056,7.497377157738096,7.497377157738096,133379977.95240872,134265753.04416126,132396654.58478238,133379977.95240872,134265753.04416126,132396654.58478238,-1.7921104757115245
mojo,volterra_mini_99,run,scalar,double,O3,48000,64,0,1,50,220000,224,0.1003310000014607,456.0500000066399,454.2999999102903,460.10000005480833,5.8000001445179805,1.271790405533063,7.125781250103748,7.125781250103748,140335489.5276136,140876073.10728142,139100195.5930801,140335489.5276136,140876073.10728142,139100195.5930801,-12.562089474871756
mojo,volterra_mini_99,run,vec,double,O3,48000,64,0,1,50,157430,202,0.1012459999983548,643.1175760551026,640.9148667550562,645.1244285597004,4.209561804644181,0.6545555527289001,10.04871212586098,10.04871212586098,99515240.10986824,99857256.11894631,99205668.18851656,99515240.10986824,99857256.11894631,99205668.18851656,-5.886739137582481
