language,dsp,bench_case,mode,precision,opt,samp_rate,buff_size,inputs,outputs,warmup_iters,run_iters,batches,elapsed_s,ns_per_compute,fast_ns_per_compute,slow_ns_per_compute,spread_ns_per_compute,spread_percent,ns_per_frame,ns_per_out_samp,frames_per_s,fast_frames_per_s,slow_frames_per_s,out_samp_per_s,fast_out_samp_per_s,slow_out_samp_per_s,checksum
cpp,APF,run,scalar,double,O3,48000,128,1,1,50,260000,261,0.10117337300000001,389.1283576923077,388.17910000000001,391.29160000000002,3.1125000000000114,0.79986460469199039,3.0400652944711539,3.0400652944711539,328940303.29501814,329744697.74390221,327121768.01137567,328940303.29501814,329744697.74390221,327121768.01137567,8.2560000250014127
cpp,APF,run,vec,double,O3,48000,128,1,1,50,200000,204,0.100113208,500.56603999999999,499.25830000000002,503.02499999999998,3.7666999999999575,0.75248812324542791,3.9106721874999999,3.9106721874999999,255710515.23990721,256380314.55861625,254460513.89095971,255710515.23990721,256380314.55861625,254460513.89095971,8.2560000250014127
mojo,APF,run,scalar,double,O3,48000,128,1,1,50,310000,316,0.0993639999996958,320.52903225708326,319.70000000001164,322.69999992422527,2.9999999242136255,0.9359526352693843,2.504133064508463,2.504133064508463,399339801.13644254,400375351.8923845,396653238.3949684,399339801.13644254,400375351.8923845,396653238.3949684,8.256000025001413
mojo,APF,run,vec,double,O3,48000,128,1,1,50,310000,316,0.09935599999880651,320.5032258026016,318.9000000929809,323.20000009349314,4.300000000512227,1.3416401628233856,2.503931451582825,2.503931451582825,399371955.39752656,401379742.7490729,396039603.84583235,399371955.39752656,401379742.7490729,396039603.84583235,8.256000025001413
cpp,HPF,run,scalar,double,O3,48000,128,1,1,50,260000,262,0.10005945899999999,384.84407307692305,374.05840000000001,390.1583,16.099899999999991,4.1834865407377411,3.0065943209134613,3.0065943209134613,332602238.03528661,342192556.02868426,328071964.63589269,332602238.03528661,342192556.02868426,328071964.63589269,-1.8953869584947824e-09
cpp,HPF,run,vec,double,O3,48000,128,1,1,50,200000,207,0.098420999000000009,492.10499499999997,490.83749999999998,494.5625,3.7250000000000227,0.75695228413603544,3.8445702734374998,3.8445702734374998,260107093.60915953,260778770.97817507,258814608.87147731,260107093.60915953,260778770.97817507,258814608.87147731,-1.8953869584947824e-09
mojo,HPF,run,scalar,double,O3,48000,128,1,1,50,320000,324,0.10011999999915133,312.87499999734797,311.1999998509418,314.4999998767162,3.3000000257743523,1.0547343270642666,2.444335937479281,2.444335937479281,409109069.1205273,411311054.1815851,406995230.6841842,409109069.1205273,411311054.1815851,406995230.6841842,-1.8953869584947824e-09
mojo,HPF,run,vec,double,O3,48000,128,1,1,50,280000,286,0.09983099999953993,356.5392857126426,353.79999990254873,360.6999998737592,6.899999971210491,1.9352705992605916,2.7854631696300203,2.7854631696300203,359006721.3607514,361786320.05442774,354865539.3534752,359006721.3607514,361786320.05442774,354865539.3534752,-1.8953869584947824e-09
cpp,LPF,run,scalar,double,O3,48000,128,1,1,50,260000,265,0.099749666999999986,383.6525653846154,381.44999999999999,386.4375,4.9875000000000114,1.3000043398641148,2.9972856670673078,2.9972856670673078,333635199.00271952,335561672.56521171,331230794.11289018,333635199.00271952,335561672.56521171,331230794.11289018,8.2560000480734743
cpp,LPF,run,vec,double,O3,48000,128,1,1,50,210000,210,0.102652461,488.82124285714286,462.87090000000001,514.85839999999996,51.987499999999955,10.635278388503506,3.8189159598214286,3.8189159598214286,261854413.79724935,276534990.64209914,248612045.56437266,261854413.79724935,276534990.64209914,248612045.56437266,8.2560000480734743
mojo,LPF,run,scalar,double,O3,48000,128,1,1,50,320000,329,0.0977340000008553,305.41875000267294,289.59999999642605,308.69999991409713,19.099999917671084,6.253709019994328,2.3860839843958823,2.3860839843958823,419096731.9422263,441988950.2816977,414642047.4104922,419096731.9422263,441988950.2816977,414642047.4104922,8.256000048073474
mojo,LPF,run,vec,double,O3,48000,128,1,1,50,290000,291,0.10145399999964866,349.8413793091333,343.30000016780104,353.8999999364023,10.599999768601265,3.029944539303539,2.733135775852604,2.733135775852604,365880103.2993135,372851732.99573284,361684091.6162822,365880103.2993135,372851732.99573284,361684091.6162822,8.256000048073474
cpp,bandfilter,run,scalar,double,O3,48000,128,1,1,50,260000,269,0.098666373000000002,379.48604999999998,357.45420000000001,394.99579999999997,37.54159999999996,9.8927483632138689,2.9647347656249998,2.9647347656249998,337298301.21555191,358087833.35039842,324054078.54969597,337298301.21555191,358087833.35039842,324054078.54969597,8.2560000285739079
cpp,bandfilter,run,vec,double,O3,48000,128,1,1,50,230000,237,0.098644415000000013,428.8887608695652,410.95830000000001,437.19159999999999,26.233299999999986,6.116574364600365,3.3506934442934782,3.3506934442934782,298445684.93816906,311467124.52333969,292777811.83353019,298445684.93816906,311467124.52333969,292777811.83353019,8.2560000285739079
mojo,bandfilter,run,scalar,double,O3,48000,128,1,1,50,320000,328,0.09771799999907671,305.3687499971148,295.19999989133794,309.200000083365,14.000000192027073,4.584621115343122,2.385693359352459,2.385693359352459,419165353.3677215,433604336.20296866,413971539.3450493,419165353.3677215,433604336.20296866,413971539.3450493,8.256000028573908
mojo,bandfilter,run,vec,double,O3,48000,128,1,1,50,310000,313,0.10109100000227045,326.1000000073241,324.10000003437744,328.0000000813743,3.9000000469968654,1.1959521762984582,2.5476562500572197,2.5476562500572197,392517632.6192125,394939833.3428663,390243902.34220785,392517632.6192125,394939833.3428663,390243902.34220785,8.256000028573908
cpp,bargraph,run,scalar,double,O3,48000,128,0,10,50,1000000,1000,0.04326291500000002,43.262915,42.237499999999997,43.9666,1.7291000000000025,3.9967256020543287,0.3379915234375,0.03379915234375,2958654080.5213876,3030482391.2400122,2911300851.1006083,29586540805.213875,30304823912.400124,29113008511.006084,26240
cpp,bargraph,run,vec,double,O3,48000,128,0,10,50,250000,259,0.099224041999999985,396.89616799999999,382.63749999999999,409.6875,27.050000000000011,6.8153845214247593,3.1007513124999999,0.31007513124999997,322502483.82342666,334520270.491,312433257.05568266,3225024838.2342663,3345202704.9099998,3124332570.5568266,26240
mojo,bargraph,run,scalar,double,O3,48000,128,0,10,50,500000,504,0.11308499999904598,226.16999999809184,185.29999997554114,459.5000000335858,274.2000000580447,121.2362382545687,1.7669531249850925,0.17669531249850925,565945969.8504658,690771721.6238289,278563656.1276261,5659459698.504658,6907717216.238289,2785636561.2762613,26240.0
mojo,bargraph,run,vec,double,O3,48000,128,0,10,50,1000000,1000,0.05608899999970163,56.08899999970162,55.00000006577466,57.99999998998828,2.9999999242136255,5.348642201197356,0.4381953124976689,0.04381953124976689,2282087396.8279147,2327272724.4895353,2206896552.105083,22820873968.27915,23272727244.895355,22068965521.05083,26240.0
cpp,bells,run,scalar,double,O3,48000,128,0,1,50,118650,1000,2.4393620050000009,20559.308933839024,20436.205957446808,22339.601798855274,1903.3958414084664,9.2580730584558939,160.61960104561737,160.61960104561737,6225890.1995155057,6263393.5216021696,5729735.075517728,6225890.1995155057,6263393.5216021696,5729735.075517728,0
cpp,bells,run,vec,double,O3,48000,128,0,1,50,115550,1000,2.8150908819999998,24362.534677628733,24046.879148936172,24819.086375779163,772.20722684299108,3.1696506010603325,190.33230216897448,190.33230216897448,5253968.9196435688,5322936.0536651043,5157321.1866861722,5253968.9196435688,5322936.0536651043,5157321.1866861722,0
mojo,bells,run,scalar,double,O3,48000,128,0,1,50,117350,1000,2.68507099999988,22880.877716232466,22535.37117943318,23620.570441195825,1085.1992617626456,4.742821823625974,178.75685715806614,178.75685715806614,5594190.991597866,5679959.694509879,5419005.451991946,5594190.991597866,5679959.694509879,5419005.451991946,0.0
mojo,bells,run,vec,double,O3,48000,128,0,1,50,132950,1000,1.8212339999990945,13698.638585927749,13518.939394171784,13994.807121665606,475.8677274938218,3.473832268139903,107.02061395256054,107.02061395256054,9343994.236879203,9468198.37473217,9146249.66869611,9343994.236879203,9468198.37473217,9146249.66869611,0.0
cpp,carre_volterra,run,scalar,double,O3,48000,128,0,1,50,159353,191,0.099971540999999969,627.35901426392979,612.76557650990685,644.77131967603623,32.005743166129378,5.1016630730461729,4.9012422989369515,4.9012422989369515,204029904.87062719,208889018.74847823,198519996.30553246,204029904.87062719,208889018.74847823,198519996.30553246,-0.62415412988048047
cpp,carre_volterra,run,vec,double,O3,48000,128,0,1,50,99486,201,0.10544279099999999,1059.8756709486761,1029.0892343120322,1082.8778054862844,53.788571174252183,5.0749887603427091,8.2802786792865319,8.2802786792865319,120768882.15145975,124381827.86507401,118203549.23842904,120768882.15145975,124381827.86507401,118203549.23842904,-2.6376740452833474
mojo,carre_volterra,run,scalar,double,O3,48000,128,0,1,50,99968,206,0.10808899999938149,1081.235995512379,1073.7591455904424,1141.246291045924,67.4871454554816,6.241666549724938,8.447156214940462,8.447156214940462,118383036.20232606,119207366.49895068,112158086.29940096,118383036.20232606,119207366.49895068,112158086.29940096,-2.6376740452833474
mojo,carre_volterra,run,vec,double,O3,48000,128,0,1,50,107902,152,0.09684999999990396,897.573724304498,691.7847027997526,1047.058823480255,355.2741206805023,39.58160884843116,7.012294721128891,7.012294721128891,142606670.10855648,185028664.96175113,122247191.01697516,142606670.10855648,185028664.96175113,122247191.01697516,2.55410552182002
cpp,comb_delay1,run,scalar,double,O3,48000,128,0,1,50,179010,202,0.101691163,568.07531981453553,567.23311717352419,570.18597118284379,2.9528540093195943,0.51979973540896618,4.4380884360510588,4.4380884360510588,225322233.75201246,225656782.2376335,224488160.82666078,225322233.75201246,225656782.2376335,224488160.82666078,-14.450084149371833
cpp,comb_delay1,run,vec,double,O3,48000,128,0,1,50,189909,198,0.099508752000000006,523.98123311691393,522.13639547683374,526.51511814177013,4.3787226649363902,0.83566402538683726,4.0936033837258901,4.0936033837258901,244283558.09346297,245146672.61052698,243107929.07856172,244283558.09346297,245146672.61052698,243107929.07856172,12.105035890359432
mojo,comb_delay1,run,scalar,double,O3,48000,128,0,1,50,111929,199,0.09529600000132632,851.3968676690253,850.0848896010875,852.9211955454269,2.836305944339415,0.33313558600523413,6.65153802866426,6.65153802866426,150341168.5674173,150573197.53097308,150072481.10201603,150341168.5674173,150573197.53097308,150072481.10201603,-3.059528996433073
mojo,comb_delay1,run,vec,double,O3,48000,128,0,1,50,179094,199,0.09851999999955297,550.1021809750911,548.0004244008591,552.4416136898441,4.441189288985015,0.8073389713003363,4.297673288867899,4.297673288867899,232684043.85002047,233576461.44151297,231698693.2701683,232684043.85002047,233576461.44151297,231698693.2701683,2.3338248296640813
cpp,comb_delay2,run,scalar,double,O3,48000,128,0,1,50,290000,299,0.098359623999999993,339.17111724137931,337.54160000000002,343.30410000000001,5.7624999999999886,1.6989949046572166,2.6497743534482758,2.6497743534482758,377390625.24273175,379212517.80521274,372847280.29755545,377390625.24273175,379212517.80521274,372847280.29755545,-0.24282970326021314
cpp,comb_delay2,run,vec,double,O3,48000,128,0,1,50,190000,199,0.098456541000000009,518.19232105263154,516.57920000000001,519.70000000000005,3.1208000000000311,0.60224744235124605,4.0483775082236839,4.0483775082236839,247012537.23711458,247783882.89733693,246295939.96536461,247012537.23711458,247783882.89733693,246295939.96536461,16.58096294850111
mojo,comb_delay2,run,scalar,double,O3,48000,128,0,1,50,300000,305,0.10015799999928277,333.85999999760924,332.4000001157401,336.799999968207,4.399999852466863,1.3179176458690383,2.608281249981322,2.608281249981322,383394237.108119,385078218.8791546,380047505.97411776,383394237.108119,385078218.8791546,380047505.97411776,-0.24282970326021314
mojo,comb_delay2,run,vec,double,O3,48000,128,0,1,50,187430,201,0.10195199999907345,543.9470735691908,537.5413862498546,549.3062966757403,11.764910425885773,2.162877786746519,4.249586512259303,4.249586512259303,235317011.92932,238121200.1051475,233021177.391599,235317011.92932,238121200.1051475,233021177.391599,15.675025440752506
cpp,cubic_distortion,run,scalar,double,O3,48000,128,0,2,50,119350,1000,2.5806176630000004,21622.267808965229,21111.668337510444,22347.861040068201,1236.192702557757,5.7172203835399493,168.92396725754085,84.461983628770426,5919823.0791928042,6062997.8623041483,5727617.5008652806,11839646.158385608,12125995.724608297,11455235.001730561,-3.533892247825861
cpp,cubic_distortion,run,vec,double,O3,48000,128,0,2,50,136750,1000,1.5910941669999996,11635.057893967094,11350.309506790563,11899.856424982054,549.54691819149048,4.7231988289154678,90.898889796617922,45.449444898308961,11001234.473132227,11277225.517367724,10756432.298736162,22002468.946264453,22554451.034735449,21512864.597472325,3.0699814176186919
mojo,cubic_distortion,run,scalar,double,O3,48000,128,0,2,50,118750,1000,2.513546000001952,21166.70315791117,20591.489361670916,21786.189683428856,1194.7003217579404,5.644243757967639,165.36486842118103,82.68243421059051,6047233.669082721,6216160.363720933,5875281.628405179,12094467.338165442,12432320.727441866,11750563.256810358,-2.162761022336781
mojo,cubic_distortion,run,vec,double,O3,48000,128,0,2,50,137350,1000,1.7019369999998162,12391.241354203255,11942.857143134788,12582.800284198249,639.9431410634606,5.164479673752657,96.80657307971293,48.40328653985647,10329877.07535702,10717703.349033134,10172616.35796168,20659754.15071404,21435406.698066268,20345232.71592336,3.2072999896481633
cpp,custom_bargraph,run,scalar,double,O3,48000,128,1,8,50,470000,476,0.100165039,213.11710425531916,207.9333,222.58750000000001,14.654200000000003,6.8761257108880089,1.664977376994681,0.20812217212433512,600608761.30642748,615582015.96377301,575054753.74852586,4804870090.4514198,4924656127.7101841,4600438029.9882069,29.928000086176326
cpp,custom_bargraph,run,vec,double,O3,48000,128,1,8,50,470000,479,0.099892164999999991,212.53652127659575,211.69579999999999,214.8792,3.183400000000006,1.4978131668284522,1.6604415724734043,0.20755519655917554,602249435.6789645,604641187.96877408,595683528.23353779,4817995485.431716,4837129503.7501926,4765468225.8683023,29.928000086176326
mojo,custom_bargraph,run,scalar,double,O3,48000,128,1,8,50,630000,637,0.0998249999993277,158.45238095131378,157.39999998913845,160.30000006139744,2.9000000722589903,1.8302029006115388,1.237909226182139,0.15473865327276737,807813673.9348168,813214739.5732704,798502806.9305924,6462509391.478535,6505717916.5861635,6388022455.444739,29.928000086176326
mojo,custom_bargraph,run,vec,double,O3,48000,128,1,8,50,1000000,1000,0.08296300000074552,82.9630000007456,76.90000002185116,84.79999996779952,7.899999945948366,9.522317112299902,0.648148437505825,0.08101855468822812,1542856454.0680757,1664499349.3319736,1509433962.8373172,12342851632.544605,13315994794.655788,12075471702.698538,29.928000086176326
cpp,dbmeter,run,scalar,double,O3,48000,128,8,8,50,106086,426,0.24999745600000001,2356.554644345154,2349.1875,2366.773753894081,17.586253894080983,0.74626972628372468,18.410583158946515,2.3013228948683144,54316584.725566164,54486923.670417964,54082059.930485576,434532677.80452931,435895389.36334372,432656479.44388461,0
cpp,dbmeter,run,vec,double,O3,48000,128,8,8,50,106230,411,0.24461604200000003,2302.702080391603,2298.695158850227,2312.9868123587039,14.291653508476884,0.62064709239531379,17.989860003059398,2.2487325003824248,55586869.482582822,55683764.551026285,55339701.599712119,444694955.86066258,445470116.40821028,442717612.79769695,0
mojo,dbmeter,run,scalar,double,O3,48000,128,8,8,50,107602,412,0.23954200000116543,2226.1853868995504,2221.798780510653,2239.575436315349,17.77665580469602,0.7985254017615261,17.392073335152737,2.174009166894092,57497457.64806585,57610977.700951286,57153689.902310856,459979661.1845268,460887821.6076103,457229519.21848685,0.0
mojo,dbmeter,run,vec,double,O3,48000,128,8,8,50,108414,430,0.2555260000008275,2356.9465198297958,2321.147798735961,2363.4933124676113,42.3455137316505,1.796625989405497,18.41364468617028,2.301705585771285,54307553.82996275,55145131.24485464,54157123.83224866,434460430.639702,441161049.9588371,433256990.65798926,0.0
cpp,delays,run,scalar,double,O3,48000,128,3,3,50,770000,779,0.099403915000000023,129.0959935064935,126.28749999999999,130.57499999999999,4.2874999999999943,3.3211720081648655,1.0085624492694805,0.33618748308982682,991510243.83697546,1013560328.6152629,980279532.83553517,2974530731.5109262,3040680985.8457885,2940838598.5066056,408.76799881458282
cpp,delays,run,vec,double,O3,48000,128,3,3,50,290000,293,0.100282041,345.80014137931033,344.31670000000003,348.24579999999997,3.9290999999999485,1.1362343532676855,2.701563604525862,0.90052120150862069,370156008.2926513,371750774.79541361,367556478.78596097,1110468024.877954,1115252324.386241,1102669436.357883,408.76799881458282
mojo,delays,run,scalar,double,O3,48000,128,3,3,50,780000,788,0.09953799999675539,127.6128205086607,125.09999996836996,129.79999992239755,4.699999954027589,3.683015495851856,0.9969751602239117,0.3323250534079706,1003034017.1919714,1023181455.0948303,986132512.1458113,3009102051.5759144,3069544365.2844906,2958397536.437434,408.7679988145828
mojo,delays,run,vec,double,O3,48000,128,3,3,50,350000,352,0.10010499999953026,286.01428571294366,273.9000001383829,291.9000000474625,17.999999909079634,6.293391906705392,2.2344866071323723,0.7448288690441242,447530093.404028,467323840.58171004,438506337.7156128,1342590280.212084,1401971521.74513,1315519013.1468384,408.7679988145828
cpp,echo,run,scalar,double,O3,48000,128,1,1,50,1000000,1000,0.056098332000000001,56.098331999999999,51.958399999999997,60.987499999999997,9.0290999999999997,16.095130956834865,0.43826821874999999,0.43826821874999999,2281707769.8495564,2463509268.9536247,2098790735.8065178,2281707769.8495564,2463509268.9536247,2098790735.8065178,516.00049471855164
cpp,echo,run,vec,double,O3,48000,128,1,1,50,1000000,1000,0.051611166000000007,51.611165999999997,51.225000000000001,53.816600000000001,2.5915999999999997,5.0213940138457636,0.40321223437499998,0.40321223437499998,2480083476.5097146,2498779892.6305513,2378448285.4732556,2480083476.5097146,2498779892.6305513,2378448285.4732556,516.00049471855164
mojo,echo,run,scalar,double,O3,48000,128,1,1,50,1000000,1000,0.0486430000000837,48.64300000008369,48.39999983232701,51.30000008648494,2.9000002541579306,5.961803865207617,0.3800234375006538,0.3800234375006538,2631416647.817358,2644628108.3353863,2495126701.4465714,2631416647.817358,2644628108.3353863,2495126701.4465714,516.0004947185516
mojo,echo,run,vec,double,O3,48000,128,1,1,50,1000000,1000,0.05429799999910756,54.29799999910756,53.80000002332963,56.00000004051253,2.2000000171829015,4.051714643668387,0.4242031249930278,0.4242031249930278,2357361228.813286,2379182155.1021295,2285714284.060713,2357361228.813286,2379182155.1021295,2285714284.060713,516.0004947185516
cpp,echo_1,run,scalar,double,O3,48000,128,1,1,50,1000000,1000,0.055995625,55.995624999999997,51.829100000000004,60.570799999999998,8.7416999999999945,15.611398211913869,0.43746582031249998,0.43746582031249998,2285892871.09484,2469655077.9388413,2113229476.9096661,2285892871.09484,2469655077.9388413,2113229476.9096661,516.00049471855164
cpp,echo_1,run,vec,double,O3,48000,128,1,1,50,1000000,1000,0.052775918000000019,52.775917999999997,51.429199999999994,55.679200000000002,4.2500000000000071,8.0529153467306944,0.41231185937499998,0.41231185937499998,2425348622.0741806,2488858469.5075951,2298883604.6494918,2425348622.0741806,2488858469.5075951,2298883604.6494918,516.00049471855164
mojo,echo_1,run,scalar,double,O3,48000,128,1,1,50,1000000,1000,0.049405999998271,49.40599999827099,49.199999921256676,51.899999925808515,2.700000004551839,5.4649232980737725,0.38598437498649213,0.38598437498649213,2590778448.052452,2601626020.4239974,2466281313.737516,2590778448.052452,2601626020.4239974,2466281313.737516,516.0004947185516
mojo,echo_1,run,vec,double,O3,48000,128,1,1,50,1000000,1000,0.054301999998642714,54.30199999864272,53.80000002332963,55.40000001929002,1.5999999959603883,2.946484468344408,0.42423437498939626,0.42423437498939626,2357187580.626853,2379182155.1021295,2310469313.274928,2357187580.626853,2379182155.1021295,2310469313.274928,516.0004947185516
cpp,freeverb,run,scalar,double,O3,48000,128,2,2,50,100420,233,0.13031500200000001,1297.6996813383787,1275.1170829616415,1301.4164621904974,26.299379228855969,2.0266152182246189,10.138278760456084,5.0691393802280418,98636072.614264309,100382938.72018538,98354372.884261042,197272145.22852862,200765877.44037077,196708745.76852208,1622.8697748184204
cpp,freeverb,run,vec,double,O3,48000,128,2,2,50,118559,652,0.50636108400000002,4270.9628455030825,4129.1597337770381,4322.849785407725,193.69005163068687,4.5350441724077291,33.366897230492832,16.683448615246416,29969822.878410615,30999042.96579862,29610096.661715768,59939645.75682123,61998085.93159724,59220193.323431537,1622.8697748184204
mojo,freeverb,run,scalar,double,O3,48000,128,2,2,50,105911,435,0.2616710000002058,2470.668769062759,2418.1963286937885,2517.186251096167,98.9899224023784,4.006604351093568,19.302099758302806,9.651049879151403,51807835.02944284,52932013.20388258,50850428.70556735,103615670.05888568,105864026.40776516,101700857.4111347,1622.8697748184204
mojo,freeverb,run,vec,double,O3,48000,128,2,2,50,104091,334,0.18719899999996414,1798.4167699413413,1794.563843089198,1804.2244635553047,9.66062046610682,0.5371736200181184,14.050131015166729,7.025065507583364,71173713.53480816,71326523.42959182,70944609.49042355,142347427.06961632,142653046.85918364,141889218.9808471,1622.8697748184204
cpp,gate_compressor,run,scalar,double,O3,48000,128,1,2,50,119150,1000,2.448608409999999,20550.637096097355,19927.93863439931,20913.718723037102,985.78008863779178,4.7968346870618195,160.55185231326058,80.275926156630291,6228517.3642771272,6423143.0228838781,6120384.5043112338,12457034.728554254,12846286.045767756,12240769.008622468,0
cpp,gate_compressor,run,vec,double,O3,48000,128,1,2,50,132550,1000,1.7824185890000002,13447.141373066766,13112.125368731564,13838.24512099922,726.11975226765571,5.3998075287733531,105.05579197708411,52.527895988542056,9518751.7144997623,9761956.692790715,9249727.7567198854,19037503.428999525,19523913.38558143,18499455.513439771,0
mojo,gate_compressor,run,scalar,double,O3,48000,128,1,2,50,120050,1000,2.4876150000018242,20721.49104541295,20127.062706294833,21713.79605839077,1586.7333520959364,7.657428457336744,161.88664879228867,80.94332439614433,6177161.658853453,6359596.622112545,5894869.771079825,12354323.317706905,12719193.24422509,11789739.54215965,0.0
mojo,gate_compressor,run,vec,double,O3,48000,128,1,2,50,139450,1000,1.6359820000016043,11731.67443529297,11209.154928738044,12074.260994714012,865.1060659759678,7.374105638095674,91.65370652572634,45.82685326286317,10910633.49106683,11419237.294314977,10601062.877143132,21821266.98213366,22838474.588629954,21202125.754286263,0.0
cpp,harpe,run,scalar,double,O3,48000,128,0,2,50,104641,312,0.17586116900000004,1680.6143767739222,1635.2650638171565,1688.139233038348,52.874169221191551,3.146121439392175,13.129799818546267,6.5648999092731337,76162623.483982399,78274771.981744021,75823129.689144745,152325246.9679648,156549543.96348804,151646259.37828949,1.5185174942016602
cpp,harpe,run,vec,double,O3,48000,128,0,2,50,107265,430,0.26529321100000008,2473.2504638045962,2387.1411718442782,2487.0475812846948,99.90640944041661,4.0394780432682413,19.322269248473408,9.6611346242367038,51753755.583289295,53620624.330780007,51466647.024855494,103507511.16657859,107241248.66156001,102933294.04971099,1.5185174942016602
mojo,harpe,run,scalar,double,O3,48000,128,0,2,50,107541,411,0.24941299999954936,2319.236384258556,2312.547528470898,2329.912580675513,17.365052204614585,0.748740073348154,18.11903425201997,9.059517126009984,55190579.480720215,55350213.746584535,54937683.525829494,110381158.96144043,110700427.49316907,109875367.05165899,1.5185174942016602
mojo,harpe,run,vec,double,O3,48000,128,0,2,50,102794,312,0.18014499999844702,1752.4855536164273,1747.787611002369,1758.19309085361,10.405479851241125,0.5937555279567577,13.691293387628338,6.845646693814169,73039118.48851441,73235443.02193049,72802015.1289842,146078236.97702882,146470886.04386097,145604030.2579684,1.5185174942016602
cpp,highShelf,run,scalar,double,O3,48000,128,1,1,50,280000,286,0.099579374000000026,355.64062142857142,354.88330000000002,357.1583,2.2749999999999773,0.63969070542660134,2.7784423549107142,2.7784423549107142,359913891.4048605,360681948.12210095,358384503.45407063,359913891.4048605,360681948.12210095,358384503.45407063,8.2560000285739079
cpp,highShelf,run,vec,double,O3,48000,128,1,1,50,220000,221,0.101731666,462.41666363636364,461.33339999999998,464.26249999999999,2.9291000000000054,0.63343305515118686,3.6126301846590909,3.6126301846590909,276806633.63951987,277456607.30395848,275706092.99695754,276806633.63951987,277456607.30395848,275706092.99695754,8.2560000285739079
mojo,highShelf,run,scalar,double,O3,48000,128,1,1,50,350000,352,0.10047800000029383,287.0800000008395,286.50000003835885,288.89999994134996,2.3999999029911123,0.836003867557508,2.2428125000065586,2.2428125000065586,445868747.3861839,446771378.6487343,443059882.40216506,445868747.3861839,446771378.6487343,443059882.40216506,8.256000028573908
mojo,highShelf,run,vec,double,O3,48000,128,1,1,50,270000,278,0.09857499999816355,365.09259258579084,364.7000001365086,366.39999998442363,1.6999998479150236,0.4656352614208549,2.852285879576491,2.852285879576491,350595992.9053396,350973402.6654486,349344978.1807902,350595992.9053396,350973402.6654486,349344978.1807902,8.256000028573908
cpp,karplus,run,scalar,double,O3,48000,128,0,1,50,420000,422,0.099523998999999988,236.96190238095238,232.39580000000001,242.42910000000001,10.033299999999997,4.2341405513659058,1.8512648623511905,1.8512648623511905,540171220.41086805,550784480.61453772,527989420.4119885,540171220.41086805,550784480.61453772,527989420.4119885,0
cpp,karplus,run,vec,double,O3,48000,128,0,1,50,270000,271,0.10106199999999997,374.30370370370372,372.17919999999998,375.41250000000002,3.2333000000000425,0.86381726069146814,2.9242476851851853,2.9242476851851853,341968296.68916118,343920348.04739225,340958279.22618449,341968296.68916118,343920348.04739225,340958279.22618449,0
mojo,karplus,run,scalar,double,O3,48000,128,0,1,50,420000,421,0.10088299999915762,240.19761904561344,238.30000009184005,243.49999985133763,5.199999759497587,2.1648839735210315,1.876543898793855,1.876543898793855,532894541.2056432,537138061.0602988,525667351.4502955,532894541.2056432,537138061.0602988,525667351.4502955,0.0
mojo,karplus,run,vec,double,O3,48000,128,0,1,50,380000,381,0.10128700000132085,266.54473684558127,264.79999996809056,269.90000005753245,5.100000089441892,1.9133748990123565,2.0823807566061037,2.0823807566061037,480219574.07530785,483383685.8588539,474249722.01821136,480219574.07530785,483383685.8588539,474249722.01821136,0.0
cpp,karplus32,run,scalar,double,O3,48000,128,0,2,50,112736,561,0.38514841500000008,3416.3746717996028,3313.9341199606688,3476.2165762210161,162.28245626034732,4.7501363828711369,26.690427123434397,13.345213561717198,37466616.602849051,38624787.14619685,36821641.342941985,74933233.205698103,77249574.292393699,73643282.685883969,0.062972593084850814
cpp,karplus32,run,vec,double,O3,48000,128,0,2,50,120711,681,0.54311583699999988,4499.306914862771,4364.4161593801873,4518.0459183673474,153.62975898716013,3.4145205449236582,35.150835272365399,17.575417636182699,28448826.101898413,29328092.309643067,28330832.026216857,56897652.203796826,58656184.619286135,56661664.052433714,0.062972593084850814
mojo,karplus32,run,scalar,double,O3,48000,128,0,2,50,111849,554,0.3704219999999623,3311.8043075929363,3212.282398753445,3339.311682127197,127.02928337375215,3.835651855470855,25.873471153069815,12.936735576534907,38649626.642050035,39847057.04880479,38331252.72045941,77299253.28410007,79694114.09760958,76662505.44091882,0.06297259308485081
mojo,karplus32,run,vec,double,O3,48000,128,0,2,50,107223,441,0.2700479999984964,2518.5641140286725,2465.775617695702,2536.575562374038,70.79994467833603,2.811123381135018,19.676282140849004,9.838141070424502,50822609.31418273,51910643.88884565,50461733.48772702,101645218.62836546,103821287.7776913,100923466.97545405,0.06297259308485081
cpp,lowShelf,run,scalar,double,O3,48000,128,1,1,50,280000,286,0.099572338999999996,355.61549642857142,354.88749999999999,357.57920000000001,2.6917000000000257,0.75691302179815945,2.7782460658482142,2.7782460658482142,359939320.09571457,360677679.5463351,357962655.54596013,359939320.09571457,360677679.5463351,357962655.54596013,8.2560000285739079
cpp,lowShelf,run,vec,double,O3,48000,128,1,1,50,220000,220,0.103471538,470.32517272727273,461.1583,502.10419999999999,40.945899999999995,8.7058704008052903,3.6744154119318182,3.6744154119318182,272152135.20842803,277561956.49086225,254927164.52083054,272152135.20842803,277561956.49086225,254927164.52083054,8.2560000285739079
mojo,lowShelf,run,scalar,double,O3,48000,128,1,1,50,350000,353,0.10040900000058173,286.8828571445192,286.1999999367981,289.59999999642605,3.400000059627928,1.1851527461312037,2.2412723214415564,2.2412723214415564,446175143.65983576,447239692.6214759,441988950.2816977,446175143.65983576,447239692.6214759,441988950.2816977,8.256000028573908
mojo,lowShelf,run,vec,double,O3,48000,128,1,1,50,300000,305,0.1000770000009652,333.59000000321737,332.49999996769475,335.30000000610016,2.8000000384054147,0.8393537091574717,2.6061718750251357,2.6061718750251357,383704547.4947255,384962406.05244005,381747688.63009626,383704547.4947255,384962406.05244005,381747688.63009626,8.256000028573908
cpp,lowboost,run,scalar,double,O3,48000,128,1,1,50,280000,284,0.099778416999999994,356.35148928571431,355.61669999999998,358.29590000000002,2.6792000000000371,0.75184195395684661,2.783996010044643,2.783996010044643,359195917.08896327,359938101.89453983,357246622.13550305,359195917.08896327,359938101.89453983,357246622.13550305,8.2560000285739079
cpp,lowboost,run,vec,double,O3,48000,128,1,1,50,220000,221,0.10167978999999998,462.18086363636365,461.2833,463.55000000000001,2.2667000000000144,0.49043570998720903,3.610787997159091,3.610787997159091,276947857.58310485,277486741.87858093,276129867.32822782,276947857.58310485,277486741.87858093,276129867.32822782,8.2560000285739079
mojo,lowboost,run,scalar,double,O3,48000,128,1,1,50,390000,390,0.10091000000102213,258.7435897462106,258.0999998826883,262.10000014543766,4.000000262749381,1.5459321201629743,2.0214342948922703,2.0214342948922703,494698245.9567372,495931809.6016219,488363219.8739931,494698245.9567372,495931809.6016219,488363219.8739931,8.256000028573908
mojo,lowboost,run,vec,double,O3,48000,128,1,1,50,270000,277,0.09887200000048324,366.19259259438235,365.2999999758322,368.7000000354601,3.400000059627928,0.928473193720218,2.860879629643612,2.860879629643612,349542843.270401,350396934.05000913,347165717.3520192,349542843.270401,350396934.05000913,347165717.3520192,8.256000028573908
cpp,lowcut,run,scalar,double,O3,48000,128,1,1,50,280000,286,0.099652832999999996,355.90297500000003,355.05419999999998,358.36250000000001,3.3083000000000311,0.92955109464876795,2.7804919921875002,2.7804919921875002,359648581.18985939,360508339.29017037,357180229.51620215,359648581.18985939,360508339.29017037,357180229.51620215,8.2560000285739079
cpp,lowcut,run,vec,double,O3,48000,128,1,1,50,220000,221,0.10166950000000001,462.1340909090909,461.44580000000002,464.54169999999999,3.0958999999999719,0.66991378928783352,3.6104225852272727,3.6104225852272727,276975887.55723196,277389023.80301219,275540387.43992198,276975887.55723196,277389023.80301219,275540387.43992198,8.2560000285739079
mojo,lowcut,run,scalar,double,O3,48000,128,1,1,50,390000,390,0.10094000000026426,258.8205128211904,258.1000000645872,261.09999998880085,2.9999999242136255,1.1591043891819408,2.02203525641555,2.02203525641555,494551218.54437596,495931809.2521083,490233626.9838767,494551218.54437596,495931809.2521083,490233626.9838767,8.256000028573908
mojo,lowcut,run,vec,double,O3,48000,128,1,1,50,270000,277,0.09917099999984202,367.2999999994149,366.49999983637827,368.8000000693137,2.3000002329354174,0.6261911878407517,2.869531249995429,2.869531249995429,348488973.5916251,349249659.0918004,347071583.4488698,348488973.5916251,349249659.0918004,347071583.4488698,8.256000028573908
cpp,modulations,run,scalar,double,O3,48000,128,0,2,50,127224,807,0.81225828599999994,6384.4737313714395,6111.6043119847809,6503.1090561224491,391.50474413766824,6.1321380682315008,49.878701026339371,24.939350513169686,20048637.583242826,20943764.26644532,19682893.043211769,40097275.166485652,41887528.53289064,39365786.086423539,-3.653209408512339
cpp,modulations,run,vec,double,O3,48000,128,0,2,50,135337,909,1.0435415800000001,7710.6894640785595,7456.8718813216456,7952.7671854734108,495.89530415176523,6.4312705946980522,60.239761438113746,30.119880719056873,16600331.344727058,17165374.709014505,16095026.67622483,33200662.689454116,34330749.41802901,32190053.352449659,-3.653209408512339
mojo,modulations,run,scalar,double,O3,48000,128,0,2,50,130231,837,0.8858579999978247,6802.205312082566,6615.776080921359,6942.381560002012,326.6054790806529,4.801464585323716,53.142229000645045,26.571114500322523,18817426.720807325,19347692.30916501,18437476.951347932,37634853.44161465,38695384.61833002,36874953.902695864,-3.653209408512339
mojo,modulations,run,vec,double,O3,48000,128,0,2,50,126418,786,0.735117000003811,5814.9709693541345,5628.72793798959,5971.769133797137,343.0411958075474,5.8992761548670085,45.429460698079176,22.714730349039588,22012147.72603016,22740484.423860375,21434184.264690664,44024295.45206032,45480968.84772075,42868368.52938133,-3.653209408512339
cpp,modulations_1,run,scalar,double,O3,48000,128,0,2,50,130248,822,0.83827508199999978,6435.9919691665127,6125.1290123456793,6512.5107458912771,387.38173354559785,6.0189903188422624,50.281187259113381,25.14059362955669,19888154.089256354,20897519.01421275,19654478.125929359,39776308.178512707,41795038.0284255,39308956.251858719,-3.653209408512339
cpp,modulations_1,run,vec,double,O3,48000,128,0,2,50,134881,899,1.038265794,7697.6430631445501,7524.322214809873,7762.2891874600127,237.96697265013972,3.0914264366127711,60.137836430816797,30.068918215408399,16628466.525403032,17011499.022205863,16489980.843123462,33256933.050806064,34022998.044411726,32979961.686246924,-3.653209408512339
mojo,modulations_1,run,scalar,double,O3,48000,128,0,2,50,130201,838,0.8878090000034717,6818.75715242949,6600.383633148947,7125.1604621651595,524.7768290162121,7.69607741242459,53.27154025335539,26.635770126677695,18771749.328892622,19392812.16278834,17964507.701922543,37543498.657785244,38785624.32557668,35929015.40384509,-3.653209408512339
mojo,modulations_1,run,vec,double,O3,48000,128,0,2,50,126465,771,0.7392949999994016,5845.846676941459,5611.9521894766785,5993.943064549581,381.9908750729028,6.5343977730315705,45.67067716360515,22.835338581802574,21895887.29805166,22808462.31014241,21354890.865920935,43791774.59610332,45616924.62028482,42709781.73184187,-3.653209408512339
cpp,multibandfilter,run,scalar,double,O3,48000,128,1,1,50,106658,198,0.095270040999999986,893.22920924825144,884.63592665123736,896.26371082621085,11.627784174973499,1.3017693616131891,6.9783531972519643,6.9783531972519643,143300284.71384832,144692292.2117126,142815109.49718651,143300284.71384832,144692292.2117126,142815109.49718651,8.2560000285739079
cpp,multibandfilter,run,vec,double,O3,48000,128,1,1,50,100293,195,0.096936792999999979,966.53597957983106,964.58194645441392,970.95548317046689,6.3735367160529677,0.65942053381433841,7.5510623404674302,7.5510623404674302,132431697.01312485,132699974.81344035,131828906.90522784,132431697.01312485,132699974.81344035,131828906.90522784,8.2560000285739079
mojo,multibandfilter,run,scalar,double,O3,48000,128,1,1,50,97600,208,0.10440500000186148,1069.72336067481,1023.3953211253922,1080.0320130353439,56.63669190995165,5.294517628765601,8.357213755271953,8.357213755271953,119657104.54266807,125073856.95221163,118515005.53235103,119657104.54266807,125073856.95221163,118515005.53235103,8.256000028573908
mojo,multibandfilter,run,vec,double,O3,48000,128,1,1,50,102474,221,0.11662199999773293,1138.0642894561831,1131.9429665614334,1141.0365334801777,9.093566918744273,0.7990380686744486,8.89112726137643,8.89112726137643,112471677.73023084,113079902.23998015,112178704.40098721,112471677.73023084,113079902.23998015,112178704.40098721,8.256000028573908
cpp,noise,run,scalar,double,O3,48000,128,0,1,50,840000,842,0.10019083800000002,119.27480714285714,117.4833,121.8334,4.3500999999999976,3.6471239016884942,0.93183443080357142,0.93183443080357142,1073152018.1515996,1089516552.5653434,1050615020.1832995,1073152018.1515996,1089516552.5653434,1050615020.1832995,1.0274645956233144
cpp,noise,run,vec,double,O3,48000,128,0,1,50,380000,383,0.099363540000000014,261.483,260.89580000000001,263.21249999999998,2.3166999999999689,0.88598493974750503,2.0428359375,2.0428359375,489515570.8019259,490617326.91748965,486299092.93821537,489515570.8019259,490617326.91748965,486299092.93821537,0.0031114798039197922
mojo,noise,run,scalar,double,O3,48000,128,0,1,50,850000,859,0.10128400000030524,119.15764705918265,116.20000004768372,121.50000002293382,5.299999975250103,4.447889083121727,0.9309191176498645,0.9309191176498645,1074207179.8079865,1101549052.9042518,1053497942.1879776,1074207179.8079865,1101549052.9042518,1053497942.1879776,4.583922085817903
mojo,noise,run,vec,double,O3,48000,128,0,1,50,490000,496,0.09950799999933224,203.0775510190454,202.39999976183753,207.8000001347391,5.400000372901559,2.659082870462194,1.586543367336292,1.586543367336292,630301081.3243246,632411067.9378289,615976900.4668134,630301081.3243246,632411067.9378289,615976900.4668134,1.260741031030193
cpp,noiseabs,run,scalar,double,O3,48000,128,0,1,50,830000,837,0.098451239999999995,118.61595180722891,117.41249999999999,122.4834,5.0709000000000088,4.2750573786577064,0.92668712349397586,0.92668712349397586,1079112868.4615858,1090173533.4823806,1045039572.7094446,1079112868.4615858,1090173533.4823806,1045039572.7094446,65.166939734946936
cpp,noiseabs,run,vec,double,O3,48000,128,0,1,50,430000,432,0.10078083299999999,234.37403023255814,233.41669999999999,236.29159999999999,2.8748999999999967,1.226629075391745,1.8310471111918605,1.8310471111918605,546135593.06460595,548375501.83855736,541703556.11456358,546135593.06460595,548375501.83855736,541703556.11456358,61.089364818297327
mojo,noiseabs,run,scalar,double,O3,48000,128,0,1,50,850000,855,0.10066799999913201,118.43294117544944,116.10000001383014,120.60000008204952,4.500000068219379,3.7996186057331545,0.9252573529331988,0.9252573529331988,1080780387.0240605,1102497846.5525608,1061359866.6079265,1080780387.0240605,1102497846.5525608,1061359866.6079265,64.22714308695868
mojo,noiseabs,run,vec,double,O3,48000,128,0,1,50,490000,497,0.09939400000075693,202.84489796072842,202.39999976183753,204.2999996774597,1.8999999156221747,0.9366762165198862,1.5847257653181908,1.5847257653181908,631024005.4683619,632411067.9378289,626529614.302893,631024005.4683619,632411067.9378289,626529614.302893,62.206794363912195
cpp,notch,run,scalar,double,O3,48000,128,1,1,50,280000,284,0.10024120999999998,358.00432142857142,357.44589999999999,359.54169999999999,2.095799999999997,0.58541192788873875,2.7969087611607142,2.7969087611607142,357537583.59461153,358096148.25628161,356008774.50376409,357537583.59461153,358096148.25628161,356008774.50376409,8.2560000478988513
cpp,notch,run,vec,double,O3,48000,128,1,1,50,220000,221,0.10126733400000001,460.30606363636366,458.99169999999998,462.70830000000001,3.7166000000000281,0.80741930067992718,3.5961411221590911,3.5961411221590911,278075850.20456839,278872145.18258172,276632167.6097014,278075850.20456839,278872145.18258172,276632167.6097014,8.2560000478988513
mojo,notch,run,scalar,double,O3,48000,128,1,1,50,340000,345,0.09971999999834225,293.29411764218304,292.7999998064479,295.49999999289867,2.7000001864507794,0.9205776809150882,2.291360294079555,2.291360294079555,436421981.55559045,437158470.2343338,433164128.6060103,436421981.55559045,437158470.2343338,433164128.6060103,8.256000047898851
mojo,notch,run,vec,double,O3,48000,128,1,1,50,340000,346,0.0997319999987667,293.3294117610786,292.3000000009779,295.49999999289867,3.1999999919207767,1.0909236727093794,2.2916360293834264,2.2916360293834264,436369470.18547887,437906260.68960583,433164128.6060103,436369470.18547887,437906260.68960583,433164128.6060103,8.256000047898851
cpp,osc,run,scalar,double,O3,48000,128,0,1,50,310000,315,0.099634628000000017,321.4020258064516,320.93329999999997,322.75,1.8167000000000257,0.56524223686568886,2.5109533266129032,2.5109533266129032,398255112.67026556,398836767.63988036,396591789.3106119,398255112.67026556,398836767.63988036,396591789.3106119,11.010009929537773
cpp,osc,run,vec,double,O3,48000,128,0,1,50,210000,216,0.099533081999999967,473.96705714285713,473.12920000000003,475.2208,2.0915999999999713,0.44129649275805005,3.7028676339285713,3.7028676339285713,270060963.24838018,270539210.00859809,269348479.69617492,270060963.24838018,270539210.00859809,269348479.69617492,11.010009929537773
mojo,osc,run,scalar,double,O3,48000,128,0,1,50,320000,324,0.10012299999652896,312.884374989153,312.39999989338685,314.3999998428626,1.9999999494757503,0.6392137509407704,2.444409179602758,2.444409179602758,409096810.9367477,409731114.09629554,407124682.1373235,409096810.9367477,409731114.09629554,407124682.1373235,11.010009929537773
mojo,osc,run,vec,double,O3,48000,128,0,1,50,300000,300,0.1029259999995702,343.0866666652339,336.9999998540152,368.7999997055158,31.799999851500615,9.268795013397998,2.68036458332214,2.68036458332214,373083574.60855716,379821958.6215081,347071583.791234,373083574.60855716,379821958.6215081,347071583.791234,11.010009929537773
cpp,panpot,run,scalar,double,O3,48000,128,1,2,50,1000000,1000,0.020624124000000004,20.624123999999998,20.574999999999999,21.3416,0.76660000000000039,3.7170063562457272,0.16112596874999999,0.080562984374999994,6206324205.5759544,6221142162.8189554,5997675900.588522,12412648411.151909,12442284325.637911,11995351801.177044,11.675747242406942
cpp,panpot,run,vec,double,O3,48000,128,1,2,50,1000000,1000,0.040155835999999986,40.155836000000001,39.887500000000003,41.866599999999998,1.9790999999999954,4.9285488664711039,0.31371746875000001,0.156858734375,3187581501.2293615,3209025383.8921967,3057329709.1237407,6375163002.4587231,6418050767.7843933,6114659418.2474813,11.675747242406942
mojo,panpot,run,scalar,double,O3,48000,128,1,2,50,1000000,1000,0.03741300000183401,37.413000001834,34.99999984342139,38.59999997075647,3.600000127335079,9.622324131073706,0.2922890625143281,0.14614453125716406,3421270681.1462693,3657142873.503724,3316062178.6780663,6842541362.292539,7314285747.007448,6632124357.3561325,11.675747242406942
mojo,panpot,run,vec,double,O3,48000,128,1,2,50,1000000,1000,0.023994999999558786,23.994999999558782,23.89999972365331,25.19999979995191,1.300000076298602,5.417795692112966,0.187460937496553,0.0937304687482765,5334444676.072249,5355648597.490199,5079365119.687194,10668889352.144499,10711297194.980398,10158730239.374388,11.675747242406942
cpp,parametric_eq,run,scalar,double,O3,48000,128,1,2,50,110750,1000,3.5213232869999982,31795.244126410835,30900.845161290319,32314.051418439718,1413.2062571493989,4.4447095657790969,248.40034473758465,124.20017236879232,4025759.3082506452,4142281.5244013583,3961125.0951639563,8051518.6165012904,8284563.0488027167,7922250.1903279126,0.14447010881121969
cpp,parametric_eq,run,vec,double,O3,48000,128,1,2,50,124150,1000,2.1589085050000008,17389.516753926702,16898.296387520524,17525.575184880854,627.27879736032992,3.6072238592753587,135.85559964005236,67.927799820026181,7360756.5875053117,7574728.0710810963,7303611.9299767334,14721513.175010623,15149456.142162193,14607223.859953467,-0.02234177212085342
mojo,parametric_eq,run,scalar,double,O3,48000,128,1,2,50,111250,1000,3.5291939999988244,31723.092134820894,30861.135371899694,32358.114234770663,1496.9788628709684,4.718893279724796,247.83665730328823,123.91832865164412,4034915.620961824,4147611.500921938,3955731.136595612,8069831.241923648,8295223.001843876,7911462.273191224,0.06008351802302059
mojo,parametric_eq,run,vec,double,O3,48000,128,1,2,50,122350,1000,2.3552339999987453,19249.971393532862,18594.48819045861,19923.651452549188,1329.1632620905766,6.904754479464403,150.39040151197548,75.19520075598774,6649360.530634469,6883760.321280616,6424525.158194467,13298721.061268939,13767520.642561233,12849050.316388935,-0.018117654964953545
cpp,peakNotch,run,scalar,double,O3,48000,128,1,1,50,280000,286,0.099600167999999989,355.71488571428574,355.23750000000001,358.61250000000001,3.375,0.94879358034817773,2.7790225446428574,2.7790225446428574,359838750.47279042,360322319.57493228,356931227.99679321,359838750.47279042,360322319.57493228,356931227.99679321,8.2560000285739079
cpp,peakNotch,run,vec,double,O3,48000,128,1,1,50,240000,248,0.098419083000000004,410.07951250000002,409.85830000000004,411.00420000000003,1.1458999999999833,0.27943361349952428,3.2037461914062502,3.2037461914062502,312134588.77685338,312303056.93455517,311432340.59408635,312134588.77685338,312303056.93455517,311432340.59408635,8.2560000285739079
mojo,peakNotch,run,scalar,double,O3,48000,128,1,1,50,340000,345,0.0999229999979434,293.89117646453946,293.6000000772765,295.2999999251915,1.6999998479150236,0.5784453512234462,2.2960248161292145,2.2960248161292145,435535362.23788035,435967302.33756804,433457500.9564047,435535362.23788035,435967302.33756804,433457500.9564047,8.256000028573908
mojo,peakNotch,run,vec,double,O3,48000,128,1,1,50,340000,340,0.10136600000259932,298.1352941252921,297.599999976228,300.09999973117374,2.4999997549457476,0.8385453866777399,2.3291819853538445,2.3291819853538445,429335280.06317717,430107526.916077,426524492.2181306,429335280.06317717,430107526.916077,426524492.2181306,8.256000028573908
cpp,phaser_flanger,run,scalar,double,O3,48000,128,1,2,50,115650,1000,2.8826880479999994,24925.966692607002,24178.442844284429,25695.661700262928,1517.2188559784991,6.086900759714581,194.7341147859922,97.367057392996102,5135207.0544956876,5293972.0239369376,4981385.6320613939,10270414.108991375,10587944.047873875,9962771.2641227879,-0.028634141225666099
cpp,phaser_flanger,run,vec,double,O3,48000,128,1,2,50,123250,1000,2.2699161699999997,18417.169736308315,18037.781353135313,18948.094693877552,910.31334074223923,4.9427428523266119,143.88413856490871,71.942069282454355,6950036.397159108,7096216.4078871673,6755296.617836671,13900072.794318216,14192432.815774335,13510593.235673342,-0.0043026981097682437
mojo,phaser_flanger,run,scalar,double,O3,48000,128,1,2,50,114750,1000,2.8651609999978973,24968.72331152851,24232.096633390942,25504.545453507242,1272.4488201163003,5.096170934493827,195.06815087131648,97.53407543565824,5126413.489507494,5282250.311911545,5018713.24205067,10252826.979014987,10564500.62382309,10037426.48410134,0.06566165164485938
mojo,phaser_flanger,run,vec,double,O3,48000,128,1,2,50,130950,1000,1.9512249999970663,14900.534555151333,14403.619199131532,15415.487715531326,1011.8685163997943,6.790820239734129,116.41042621211979,58.205213106059894,8590295.839805866,8886655.376706833,8303337.679743869,17180591.67961173,17773310.753413666,16606675.359487738,0.004844488040362194
cpp,phasor,run,scalar,double,O3,48000,128,0,3,50,320000,329,0.098212585000000005,306.914328125,305.9083,308.36660000000001,2.4583000000000084,0.80097270629828421,2.3977681884765625,0.79925606282552086,417054494.59455729,418426044.66763407,415090350.25194037,1251163483.7836719,1255278134.0029023,1245271050.7558212,151.92916645552032
cpp,phasor,run,vec,double,O3,48000,128,0,3,50,320000,320,0.10037687500000002,313.677734375,299.5292,322.36250000000001,22.833300000000008,7.2792224304651878,2.4506072998046875,0.81686909993489587,408062115.90069914,427337301.33823347,397068517.58501685,1224186347.7020974,1282011904.0147004,1191205552.7550507,152.15416646446101
mojo,phasor,run,scalar,double,O3,48000,128,0,3,50,320000,322,0.10062899999684305,314.46562499013453,313.29999983427115,317.70000023243483,4.400000398163684,1.3991991647105217,2.456762695235426,0.8189208984118087,407039720.1729621,408554101.7162758,402895813.3659206,1221119160.5188863,1225662305.1488276,1208687440.0977619,147.9249997928273
mojo,phasor,run,vec,double,O3,48000,128,0,3,50,300000,305,0.09934900000007474,331.16333333358256,328.69999995455146,334.3000000313623,5.600000076810829,1.6910084883008227,2.5872135416686137,0.8624045138895379,386516220.59578973,389412838.508361,382889620.06578434,1159548661.7873693,1168238515.525083,1148668860.197353,147.92916647042148
cpp,phasor_sine,run,scalar,double,O3,48000,128,0,1,50,220000,228,0.099409164000000008,451.85983636363636,450.20830000000001,453.83339999999998,3.6250999999999749,0.80226205302359688,3.5301549715909091,3.5301549715909091,283273682.89708179,284312839.19021481,282041824.15838057,283273682.89708179,284312839.19021481,282041824.15838057,17.99027189379558
cpp,phasor_sine,run,vec,double,O3,48000,128,0,1,50,178904,195,0.10152887400000001,567.50477350981532,565.72268818345901,569.96466843501321,4.241980251554196,0.74747921948198881,4.4336310430454322,4.4336310430454322,225548763.5960584,226259265.66779429,224575323.85552496,225548763.5960584,226259265.66779429,224575323.85552496,4.2456590686924756
mojo,phasor_sine,run,scalar,double,O3,48000,128,0,1,50,220000,229,0.0983169999999518,446.8954545452355,445.5999998754123,455.3000002488261,9.700000373413786,2.1705301037990163,3.4913707386346524,3.4913707386346524,286420456.279319,287253141.91155344,281133318.53733075,286420456.279319,287253141.91155344,281133318.53733075,-9.11750341951847
mojo,phasor_sine,run,vec,double,O3,48000,128,0,1,50,190000,199,0.09986400000343565,525.6000000180824,521.6000001382781,527.4999999528518,5.899999814573675,1.1225266009076666,4.1062500001412685,4.1062500001412685,243531202.42693377,245398772.94107884,242654028.4577075,243531202.42693377,245398772.94107884,242654028.4577075,-8.872768249690726
cpp,pitch_shifter,run,scalar,double,O3,48000,128,1,1,50,138221,198,0.096969290999999999,701.55252096280594,684.26738921662775,707.41626794258377,23.148878725956024,3.299664392080961,5.4808790700219214,5.4808790700219214,182452483.84872693,187061376.90784693,180940142.03584713,182452483.84872693,187061376.90784693,180940142.03584713,8.2560000285739079
cpp,pitch_shifter,run,vec,double,O3,48000,128,1,1,50,110569,198,0.098439208,890.29662925413095,859.42066549912431,898.09897084048032,38.678305341356008,4.3444290442568292,6.955442416047898,6.955442416047898,143772306.66057369,148937540.2971741,142523267.65302047,143772306.66057369,148937540.2971741,142523267.65302047,8.2560000285739079
mojo,pitch_shifter,run,scalar,double,O3,48000,128,1,1,50,100081,235,0.12147700000059558,1213.786832671492,1195.8089228138183,1305.7869854308199,109.97806261700157,9.060739468967927,9.482709630246031,9.482709630246031,105455090.26348357,107040512.54175913,98025176.71576333,105455090.26348357,107040512.54175913,98025176.71576333,8.256000028573908
mojo,pitch_shifter,run,vec,double,O3,48000,128,1,1,50,100047,242,0.12191099999836297,1218.5372874585241,1214.7117285895722,1228.3210337273815,13.609305137809315,1.1168558629989844,9.51982255826972,9.51982255826972,105043974.70426755,105374795.5069336,104207284.97303322,105043974.70426755,105374795.5069336,104207284.97303322,8.256000028573908
cpp,quadecho,run,scalar,double,O3,48000,128,4,4,50,600000,607,0.10047536600000001,167.45894333333334,166.82910000000001,168.31659999999999,1.4874999999999829,0.88827743110683444,1.3082729947916667,0.32706824869791667,764366461.72555363,767252235.97082281,760471635.00213289,3057465846.9022145,3069008943.8832912,3041886540.0085316,118510699.96386719
cpp,quadecho,run,vec,double,O3,48000,128,4,4,50,320000,327,0.099534253000000017,311.04454062500002,309.42500000000001,321.60840000000002,12.183400000000006,3.9169309885713433,2.4300354736328127,0.60750886840820317,411516626.34168756,413670517.8960976,397999554.73799813,1646066505.3667502,1654682071.5843904,1591998218.9519925,63481152.002441406
mojo,quadecho,run,scalar,double,O3,48000,128,4,4,50,530000,535,0.09989900000073249,188.48867924666501,187.79999991238583,189.699999828008,1.8999999156221747,1.0080180535064107,1.4725678066145704,0.3681419516536426,679085876.7305236,681576145.152906,674749605.250667,2716343506.9220943,2726304580.611624,2698998421.002668,104359810.06152344
mojo,quadecho,run,vec,double,O3,48000,128,4,4,50,300000,300,0.10138700000243261,337.95666667477536,336.9999998540152,340.10000017588027,3.100000321865082,0.9172774581920865,2.6402864583966825,0.6600716145991706,378746782.1227441,379821958.6215081,376359893.95414793,1514987128.4909763,1519287834.4860325,1505439575.8165917,58175169.037597656
cpp,spat,run,scalar,double,O3,48000,128,1,8,50,470000,478,0.099937000000000012,212.63191489361702,200.32499999999999,223.0958,22.770800000000008,10.709022684291106,1.661186835106383,0.20764835438829787,601979246.92556298,638961687.25820541,573744552.78853297,4815833975.4045038,5111693498.0656433,4589956422.3082638,14.948810350266285
cpp,spat,run,vec,double,O3,48000,128,1,8,50,158306,201,0.102216,645.68620267077688,629.4229395253891,653.67332830568125,24.250388780292155,3.7557545259577072,5.0444234583654444,0.63055293229568055,198238710.18235892,203360875.43380177,195816464.36726356,1585909681.4588714,1626887003.4704142,1566531714.9381084,14.948810350266285
mojo,spat,run,scalar,double,O3,48000,128,1,8,50,580000,586,0.09933200000159559,171.26206896826827,162.09999994316604,173.40000013064127,11.300000187475234,6.598075251309102,1.3379849138145958,0.16724811422682448,747392582.4387656,789636027.4205931,738177623.4346224,5979140659.510125,6317088219.364745,5905420987.476979,14.948810350266285
mojo,spat,run,vec,double,O3,48000,128,1,8,50,560000,564,0.10157400000025518,181.3821428575985,178.80000013974495,187.8999999462394,9.099999806494452,5.017031810920208,1.4170479910749882,0.17713099888437353,705692401.5970614,715883668.344289,681213411.5839406,5645539212.776491,5727069346.754312,5449707292.671525,14.948810350266285
cpp,spectral_level,run,scalar,double,O3,48000,128,1,2,50,108050,1000,4.0567762100000007,37545.360573808422,36884.939885496184,38161.26933830382,1276.3294528076367,3.3994332010703925,293.3231294828783,146.66156474143915,3409209.5013542781,3470251.0129434122,3354186.1216739416,6818419.0027085561,6940502.0258868244,6708372.2433478832,16.512000057147816
cpp,spectral_level,run,vec,double,O3,48000,128,1,2,50,113250,1000,2.997008665000001,26463.652671081676,26042.355652173912,27003.87714543812,961.5214932642084,3.6333665092079941,206.74728649282559,103.3736432464128,4836822.8524958221,4915069.9617803227,4740060.0776923466,9673645.7049916442,9830139.9235606454,9480120.1553846933,16.512000057147816
mojo,spectral_level,run,scalar,double,O3,48000,128,1,2,50,107650,1000,4.057662999999593,37693.107292146706,36919.16439448463,38476.14678790806,1556.98239342343,4.130681987440777,294.47740071989614,147.23870035994807,3395846.3282932523,3467034.048558314,3326736.4506527637,6791692.656586505,6934068.097116628,6653472.901305527,16.512000057147816
mojo,spectral_level,run,vec,double,O3,48000,128,1,2,50,114750,1000,2.896228000005067,25239.459695033267,24502.727269877636,26049.488054606518,1546.7607847288818,6.128343488403836,197.1832788674474,98.5916394337237,5071423.934847085,5223908.285399579,4913724.205699499,10142847.86969417,10447816.570799159,9827448.411398998,16.512000057147816
cpp,spectral_tilt,run,scalar,double,O3,48000,128,1,1,50,116850,1000,2.7731778339999988,23732.80131792897,22979.430262045647,24528.590425531915,1549.1601634862673,6.5275065624720519,185.41251029632008,185.41251029632008,5393379.3270035228,5570199.0232287571,5218400.1517985417,5393379.3270035228,5570199.0232287571,5218400.1517985417,0.013957830996332632
cpp,spectral_tilt,run,vec,double,O3,48000,128,1,1,50,124750,1000,2.0877551650000004,16735.512344689378,16258.137007874016,24321.137645107796,8063.0006372337793,48.178988913909073,130.74619019288576,130.74619019288576,7648406.4164678995,7872980.7688302798,5262911.7053554952,7648406.4164678995,7872980.7688302798,5262911.7053554952,0.010461995691912307
mojo,spectral_tilt,run,scalar,double,O3,48000,128,1,1,50,115650,1000,2.788761000007071,24113.800259464504,23288.659795571064,24752.899197527986,1464.239401956922,6.072205070132891,188.38906452706644,188.38906452706644,5308163.732913099,5496237.27271513,5171111.431374595,5308163.732913099,5496237.27271513,5171111.431374595,0.0022801021586928982
mojo,spectral_tilt,run,vec,double,O3,48000,128,1,1,50,135050,1000,1.7282729999969888,12797.282487945125,12288.675055287462,12923.88846998797,635.213414700509,4.9636586150135535,99.97876943707129,99.97876943707129,10002123.507125389,10416094.44664462,9904139.941879205,10002123.507125389,10416094.44664462,9904139.941879205,0.0037132303432372282
cpp,stereoecho,run,scalar,double,O3,48000,128,2,2,50,1000000,1000,0.054381127000000008,54.381126999999999,53.654200000000003,56.7042,3.0499999999999972,5.608563426793264,0.42485255468749999,0.21242627734375,2353757765.9984865,2385647349.1357617,2257328381.3191967,4707515531.996973,4771294698.2715235,4514656762.6383934,1588.0442246198654
cpp,stereoecho,run,vec,double,O3,48000,128,2,2,50,980000,980,0.10026888100000005,102.31518469387755,97.833300000000008,104.7542,6.9208999999999889,6.7642940983853093,0.7993373804209184,0.3996686902104592,1251036201.3514438,1308347975.5870445,1221908047.6009555,2502072402.7028875,2616695951.174089,2443816095.201911,1588.0442246198654
mojo,stereoecho,run,scalar,double,O3,48000,128,2,2,50,1000000,1000,0.09058900000309222,90.58900000309222,90.1999999769032,91.60000008705538,1.4000001101521775,1.5454416210625892,0.707726562524158,0.353863281262079,1412975085.2270226,1419068736.5052767,1397379911.3357048,2825950170.4540453,2838137473.0105534,2794759822.6714096,1588.0442246198654
mojo,stereoecho,run,vec,double,O3,48000,128,2,2,50,920000,929,0.09900500000003376,107.61413043481932,104.7999998263549,109.10000019066501,4.300000364310108,3.9957581285429526,0.8407353940220259,0.42036769701101295,1189434877.0260072,1221374047.8252444,1173235561.6526582,2378869754.0520144,2442748095.650489,2346471123.3053164,1588.0442246198654
cpp,thru_zero_flanger,run,scalar,double,O3,48000,128,2,2,50,160816,199,0.097847708000000019,608.44510496468013,606.63850153627982,610.64074117785913,4.0022396415793082,0.65778154987566806,4.7534773825365635,2.3767386912682817,210372306.31912193,210998806.82786667,209615886.01687798,420744612.63824385,421997613.65573335,419231772.03375596,-0.010956801474094391
cpp,thru_zero_flanger,run,vec,double,O3,48000,128,2,2,50,119662,197,0.095746913999999989,800.14469087931002,798.05043616177636,803.98142857142852,5.9309924096521627,0.74123998787448864,6.2511303974946095,3.1255651987473048,159971067.05705419,160390865.28868526,159207657.60403138,319942134.11410838,320781730.57737052,318415315.20806277,0.0066559920087456703
mojo,thru_zero_flanger,run,scalar,double,O3,48000,128,2,2,50,115543,195,0.0953620000036608,825.3377530760046,791.5601021932277,833.498023689302,41.937921496074296,5.081304149697885,6.447951195906286,3.223975597953143,155088022.47679636,161705977.4050536,153569650.27155694,310176044.9535927,323411954.8101072,307139300.5431139,-0.011776022613048553
mojo,thru_zero_flanger,run,vec,double,O3,48000,128,2,2,50,125875,199,0.09561200000098324,759.5789473762322,757.5757579083477,761.8975677630694,4.321809854721778,0.568974412686179,5.934210526376814,2.967105263188407,168514412.4151185,168959999.92582336,168001586.32322174,337028824.830237,337919999.8516467,336003172.6464435,0.009728040546178818
cpp,vcf_wah_pedals,run,scalar,double,O3,48000,128,1,2,50,116450,1000,2.7428844170000004,23554.181339630744,22906.128119800334,24254.96347826087,1348.8353584605356,5.7265219241182983,184.01704171586519,92.008520857932595,5434279.2965016132,5588024.2758860346,5277270.3663200019,10868558.593003226,11176048.551772069,10554540.732640004,-5.2170130568907069e-06
cpp,vcf_wah_pedals,run,vec,double,O3,48000,128,1,2,50,126050,1000,1.9792529589999999,15702.125815152716,15287.503626107977,15824.21875,536.71512389202326,3.4181048490522699,122.6728579308806,61.336428965440298,8151762.4751470694,8372851.6526008723,8088866.9464329798,16303524.950294139,16745703.305201745,16177733.89286596,-2.9461772083294591e-05
mojo,vcf_wah_pedals,run,scalar,double,O3,48000,128,1,2,50,115850,1000,2.7453289999975823,23697.27233489498,23079.242030961614,24324.82993184885,1245.5879008872362,5.2562501003673265,185.13494011636703,92.56747005818352,5401465.5438430365,5546109.34918415,5262112.843486225,10802931.087686073,11092218.6983683,10524225.68697245,2.966702654205733e-06
mojo,vcf_wah_pedals,run,vec,double,O3,48000,128,1,2,50,133350,1000,1.8115949999992154,13585.26434195137,13177.606177607975,14026.002973941864,848.3967963338891,6.24497819828235,106.13487767149508,53.06743883574754,9421973.45433576,9713448.578961464,9125907.091122406,18843946.90867152,19426897.157922927,18251814.18224481,1.573558877221437e-05
cpp,virtual_analog_oscillators,run,scalar,double,O3,48000,128,1,2,50,113950,1000,2.9287161230000001,25701.765010969724,25038.659793814433,26148.758883248731,1110.0990894342976,4.3191550812191233,200.79503914820097,100.39751957410049,4980202.719360657,5112094.6989191966,4895069.8031790191,9960405.4387213141,10224189.397838393,9790139.6063580383,0.0030692593138610391
cpp,virtual_analog_oscillators,run,vec,double,O3,48000,128,1,2,50,118950,1000,2.4314974620000003,20441.340580075663,19902.706287683031,21129.757085020243,1227.0507973372114,6.0027902403486575,159.69797328184112,79.848986640920558,6261820.2313385755,6431286.1853975076,6057807.4553798102,12523640.462677151,12862572.370795015,12115614.91075962,0.0071335569525672327
mojo,virtual_analog_oscillators,run,scalar,double,O3,48000,128,1,2,50,115250,1000,2.846572999998898,24699.11496745248,23913.082438532565,25300.089046893972,1387.0066083614074,5.615612584455557,192.9618356832225,96.48091784161124,5182371.925822984,5352718.551822747,5059270.730737378,10364743.851645969,10705437.103645494,10118541.461474756,0.0017908362619891705
mojo,virtual_analog_oscillators,run,vec,double,O3,48000,128,1,2,50,129150,1000,1.9401029999971797,15022.090592312652,14657.004830892754,15150.266972549463,493.262141656709,3.2835785314004773,117.3600827524426,58.6800413762213,8520784.72123595,8733025.708650433,8448696.001986053,17041569.4424719,17466051.417300865,16897392.003972106,0.005742081521589171
